-129.7237,49.297,10,1.7850625,6.5
-129.4124,49.2586,10,1.7850625,6.5
169.5217,-21.7427,17,1.7850625,6.5
156.2968,49.2902,20,1.7850625,6.5
178.1991,-25.415,576,1.7850625,6.5
161.5025,-10.0207,68,1.7850625,6.5
168.1428,-16.0315,9,1.7850625,6.5
119.8017,-7.3718,529,1.7850625,6.5
-178.0262,51.4234,33.93,1.7850625,6.5
108.1743,-7.4921,90,1.7850625,6.5
2.1628,-54.2189,17,1.7850625,6.5
-23.4323,-1.0802,10,1.7850625,6.5
-84.4865,9.5147,19.36,1.7850625,6.5
143.4846,-4.2433,110.57,1.7850625,6.5
176.7691,52.3909,119,1.7850625,6.5
103.8552,33.1926,9,1.7850625,6.5
124.6286,11.1269,9,1.7850625,6.5
-25.7432,-56.414,15,1.7850625,6.5
25.1558,-22.6784,29,1.7850625,6.5
-63.9047,-19.2814,595.98,1.7850625,6.5
125.4516,9.9071,15,1.7850625,6.5
161.3355,-10.3506,36,1.7850625,6.5
161.3137,-10.8416,12.26,1.7850625,6.5
96.1678,5.2834,13,1.7850625,6.5
173.2543,-42.6058,9,1.7850625,6.5
173.6694,-42.3205,10,1.7850625,6.5
126.8621,3.8965,13,1.7850625,6.5
20.6,38.67,11,1.7850625,6.5
-173.0746,51.6394,15,1.7850625,6.5
124.8754,-8.3381,20,1.7850625,6.5
-71.6876,-31.4244,27,1.7850625,6.5
157.8772,-9.3293,6.43,1.7850625,6.5
-58.5479,13.8672,20,1.7850625,6.5
139.7254,27.7375,460,1.7850625,6.5
-178.6005,-15.8815,10,1.7850625,6.5
-173.0293,-15.4994,11,1.7850625,6.5
-82.6576,5.9045,8,1.7850625,6.5
127.0562,2.2999,35,1.7850625,6.5
142.4525,37.0052,20,1.7850625,6.5
152.8075,-6.2304,20,1.7850625,6.5
-177.5159,-29.9379,10,1.7850625,6.5
91.0921,-10.1229,4,1.7850625,6.5
-82.3045,7.2096,10,1.7850625,6.5
-114.7995,-49.9403,10.47,1.7850625,6.5
-127.7316,49.6388,10,1.7850625,6.5
154.9502,-6.7878,20,1.7850625,6.5
-70.5756,-20.3113,24.07,1.7850625,6.5
127.3674,27.4312,119,1.7850625,6.5
-58.9272,14.6682,14.83,1.7850625,6.5
167.3721,-15.0691,122,1.7850625,6.5
-177.8806,-32.9076,44.26,1.7850625,6.5
167.249,-13.8633,187,1.7850625,6.5
-176.5449,-17.1171,371,1.7850625,6.5
-178.3234,-30.9255,41.54,1.7850625,6.5
-174.7671,51.5573,20,1.7850625,6.5
138.8325,29.9377,402,1.7850625,6.5
128.2209,-7.44,112,1.7850625,6.5
174.152,-41.734,8.2,1.7850625,6.5
174.337,-41.704,17,1.7850625,6.5
-86.926,11.763,30,1.7850625,6.5
152.127,-3.898,10,1.7850625,6.5
148.174,-6.598,28,1.7850625,6.5
157.408,50.958,29,1.7850625,6.5
155.425,49.28,29,1.7850625,6.5
-92.164,14.129,20,1.7850625,6.5
-85.298,10.086,17,1.7850625,6.5
153.173,-4.651,41,1.7850625,6.5
-102.689,18.229,20,1.7850625,6.5
-99.789,17.986,59,1.7850625,6.5
147.881,-6.57,37,1.7850625,6.5
168.156,-18.308,35,1.7850625,6.5
142.648,37.594,20,1.7850625,6.5
141.562,36.166,6.8,1.7850625,6.5
142.067,36.004,49.3,1.7850625,6.5
116.72,-6.873,510.6,1.7850625,6.5
142.808,38.296,15,1.7850625,6.5
-27.063,-56.422,87.7,1.7850625,6.5
178.394,-26.142,558.1,1.7850625,6.5
122.974,4.195,523.2,1.7850625,6.5
168.312,-19.155,22,1.7850625,6.5
96.394,-45.464,10,1.7850625,6.5
-175.87,51.451,23.5,1.7850625,6.5
146.822,-5.486,220,1.7850625,6.5
93.471,11.132,112,1.7850625,6.5
129.944,25.773,10,1.7850625,6.5
-71.558,-8.087,581.2,1.7850625,6.5
101.096,-4.054,27,1.7850625,6.5
-177.877,60.473,12,1.7850625,6.5
123.623,22.18,22,1.7850625,6.5
141.59,37.745,32,1.7850625,6.5
167.227,-13.571,176,1.7850625,6.5
-124.6925,40.652,28.737,1.7850625,6.5
-70.321,-19.394,27,1.7850625,6.5
-166.997,52.754,24,1.7850625,6.5
-178.833,-31.553,43,1.7850625,6.5
-1.853,80.324,9,1.7850625,6.5
153.771,-60.648,10,1.7850625,6.5
149.66,-59.384,10,1.7850625,6.5
-34.897,7.313,8,1.7850625,6.5
-23.471,-1.182,10,1.7850625,6.5
153.175,46.406,10,1.7850625,6.5
99.931,-2.405,22,1.7850625,6.5
21.863,36.345,28,1.7850625,6.5
-94.304,16.357,83,1.7850625,6.5
-179.535,-21.984,597.6,1.7850625,6.5
118.467,-8.224,18,1.7850625,6.5
118.37,-8.292,20,1.7850625,6.5
179.459,-25.189,509.4,1.7850625,6.5
169.373,-21.133,10,1.7850625,6.5
99.668,-1.689,28.9,1.7850625,6.5
-39.251,8.037,6,1.7850625,6.5
159.465,-9.834,15,1.7850625,6.5
-177.548,50.322,9,1.7850625,6.5
-2.626,-55.645,10,1.7850625,6.5
-179.354,-19.401,676.4,1.7850625,6.5
169.056,-20.688,10,1.7850625,6.5
-178.002,-29.776,34,1.7850625,6.5
153.24,46.47,19,1.7850625,6.5
157.522,51.148,43,1.7850625,6.5
177.082,51.752,14,1.7850625,6.5
151.133,-5.724,34,1.7850625,6.5
-71.056,-27.211,12,1.7850625,6.5
176.989,-16.527,14,1.7850625,6.5
-176.768,-29.435,13,1.7850625,6.5
71.093,36.357,224.6,1.7850625,6.5
142.122,38.089,29,1.7850625,6.5
96.786,2.164,21,1.7850625,6.5
96.898,-45.214,8,1.7850625,6.5
-139.231,-57.382,10,1.7850625,6.5
-82.845,5.71,18,1.7850625,6.5
99.779,-1.714,30,1.7850625,6.5
122.129,-5.562,10,1.7850625,6.5
126.421,4.756,39.7,1.7850625,6.5
120.534,13.925,105,1.7850625,6.5
-70.525,-35.173,5,1.7850625,6.5
133.091,-0.443,13.4,1.7850625,6.5
141.406,34.251,16,1.7850625,6.5
167.198,-13.174,228.4,1.7850625,6.5
169.488,-22.252,10,1.7850625,6.5
-82.824,8.416,33,1.7850625,6.5
-121.1005,35.7005,8.382,1.7850625,6.5
125.416,12.025,35,1.7850625,6.5
144.38,42.45,25,1.7850625,6.5
152.174,-3.828,33,1.7850625,6.5
176.923,51.552,20,1.7850625,6.5
1.432,-54.624,10,1.7850625,6.5
120.743,-8.294,33,1.7850625,6.5
-90.774,13.626,24,1.7850625,6.5
-177.661,-20.57,378,1.7850625,6.5
-108.53,23.324,10,1.7850625,6.5
93.068,13.036,21,1.7850625,6.5
146.199,14.101,30,1.7850625,6.5
-82.793,7.929,10,1.7850625,6.5
179.25,-22.201,620.4,1.7850625,6.5
104.181,-6.963,11,1.7850625,6.5
49.047,35.626,10,1.7850625,6.5
-68.329,-21.663,125.1,1.7850625,6.5
31.271,38.573,5,1.7850625,6.5
141.089,39.402,123.8,1.7850625,6.5
160.324,52.591,48.5,1.7850625,6.5
-179.109,-20.993,608.1,1.7850625,6.5
133.13,-0.578,33,1.7850625,6.5
24.244,39.059,10,1.7850625,6.5
-176.705,-21.725,184.6,1.7850625,6.5
142.984,21.641,290,1.7850625,6.5
-179.828,51.16,18,1.7850625,6.5
128.02,-4.029,33,1.7850625,6.5
-74.662,-39.008,11,1.7850625,6.5
152.725,-4.218,31,1.7850625,6.5
49.954,40.167,33,1.7850625,6.5
153.226,-4.827,33,1.7850625,6.5
-77.829,7.042,17,1.7850625,6.5
30.709,-7.977,34,1.7850625,6.5
-102.48,18.198,45.8,1.7850625,6.5
123.357,-7.018,648.5,1.7850625,6.5
139.376,33.901,10,1.7850625,6.5
-20.758,63.98,10,1.7850625,6.5
-20.487,63.966,10,1.7850625,6.5
-178.522,-17.914,515.8,1.7850625,6.5
174.37,-18.823,33,1.7850625,6.5
105.555,-6.845,56,1.7850625,6.5
-97.316,-36.206,10,1.7850625,6.5
71.24,36.522,228.4,1.7850625,6.5
121.158,23.738,17,1.7850625,6.5
-177.832,-30.367,10,1.7850625,6.5
-177.608,-28.629,39,1.7850625,6.5
-179.04,-31.888,95.7,1.7850625,6.5
129.082,-4.476,33,1.7850625,6.5
179.035,-22.411,610.1,1.7850625,6.5
-88.808,13.849,176.4,1.7850625,6.5
125.779,9.79,105.6,1.7850625,6.5
-175.576,-15.235,33,1.7850625,6.5
80.134,-41.715,10,1.7850625,6.5
-108.135,-35.815,10,1.7850625,6.5
-102.511,-35.964,10,1.7850625,6.5
-101.604,18.684,70,1.7850625,6.5
70.945,36.411,196,1.7850625,6.5
-97.703,-36.383,10,1.7850625,6.5
144.901,13.986,100.8,1.7850625,6.5
147.408,-6.485,69.1,1.7850625,6.5
57.291,37.661,10,1.7850625,6.5
138.92,43.207,226.5,1.7850625,6.5
-177.199,-26.753,33,1.7850625,6.5
164.998,56.084,33,1.7850625,6.5
145.458,17.444,149,1.7850625,6.5
-178.128,51.491,33,1.7850625,6.5
136.225,-0.917,31.9,1.7850625,6.5
135.84,-0.567,19.2,1.7850625,6.5
140.233,-3.703,63.4,1.7850625,6.5
150.033,44.727,33,1.7850625,6.5
-77.851,-2.778,16.7,1.7850625,6.5
-78.581,-10.68,59.9,1.7850625,6.5
170.865,-23.26,11.4,1.7850625,6.5
22.283,38.401,14.2,1.7850625,6.5
57.939,12.115,62.4,1.7850625,6.5
170.108,-23.03,19.7,1.7850625,6.5
179.714,51.334,16.9,1.7850625,6.5
-20.074,-60.774,10.5,1.7850625,6.5
178.602,-37.855,28.3,1.7850625,6.5
-72.916,5.05,17.3,1.7850625,6.5
143.549,40.701,15.2,1.7850625,6.5
177.523,-37.282,33,1.7850625,6.5
-101.384,18.136,48.1,1.7850625,6.5
110.186,-5.589,560.6,1.7850625,6.5
157.858,-57.193,24.7,1.7850625,6.5
167.682,-17.745,16.6,1.7850625,6.5
-63.421,-26.642,563.6,1.7850625,6.5
127.77,-7.532,158.8,1.7850625,6.5
-97.322,14.888,14.6,1.7850625,6.5
113.366,-10.777,11.2,1.7850625,6.5
94.16,20.556,35.6,1.7850625,6.5
135.489,-4.199,33,1.7850625,6.5
99.77,-2.008,20.5,1.7850625,6.5
135.968,-3.136,28.5,1.7850625,6.5
-179.533,-22.057,579.8,1.7850625,6.5
168.866,-20.399,19.5,1.7850625,6.5
169.857,-19.99,33,1.7850625,6.5
-164.164,54.287,30.3,1.7850625,6.5
146.153,-5.932,33,1.7850625,6.5
-94.698,15.417,19.2,1.7850625,6.5
-179.44,-31.635,10,1.7850625,6.5
139.839,41.985,13.8,1.7850625,6.5
99.615,-1.629,31.6,1.7850625,6.5
146.595,15.823,13.5,1.7850625,6.5
-25.719,-59.7,33,1.7850625,6.5
-71.992,-31.33,11.7,1.7850625,6.5
141.262,-2.321,5.7,1.7850625,6.5
138.975,29.941,393.1,1.7850625,6.5
-177,-30.125,15.7,1.7850625,6.5
169.553,-19.226,11.8,1.7850625,6.5
149.482,44.695,19.9,1.7850625,6.5
-176.716,-28.314,20,1.7850625,6.5
-21.969,-60.728,11.8,1.7850625,6.5
88.813,41.604,0,1.7850625,6.5
151.164,-5.696,27.4,1.7850625,6.5
103.156,-5.72,36.8,1.7850625,6.5
151.707,45.521,18.7,1.7850625,6.5
171.044,-23.368,36.6,1.7850625,6.5
66.162,-16.908,10,1.7850625,6.5
-177.561,-24.295,197.5,1.7850625,6.5
167.607,-13.593,13.8,1.7850625,6.5
-77.13,-6.038,20.7,1.7850625,6.5
126.462,8.307,44.1,1.7850625,6.5
138.643,33.267,10,1.7850625,6.5
130.373,-6.726,33,1.7850625,6.5
137.63,29.551,496.2,1.7850625,6.5
120.981,16.495,23.1,1.7850625,6.5
-178.789,-18.874,499.2,1.7850625,6.5
144.432,-3.563,29.3,1.7850625,6.5
31.829,5.277,16.5,1.7850625,6.5
-82.622,6.905,9.6,1.7850625,6.5
100.245,35.986,8.1,1.7850625,6.5
123.429,1.108,23.7,1.7850625,6.5
123.018,1.315,19.1,1.7850625,6.5
167.238,-15.13,132.3,1.7850625,6.5
-172.85,-15.397,53.5,1.7850625,6.5
126.828,8.094,21,1.7850625,6.5
169.277,-20.355,33.9,1.7850625,6.5
51.534,40.337,54.8,1.7850625,6.5
-105.667,18.039,21.4,1.7850625,6.5
41.942,11.766,11.6,1.7850625,6.5
128.142,2.299,141.8,1.7850625,6.5
-155.083,19.362,9.4,1.7850625,6.5
-61.465,-23.113,569,1.7850625,6.5
161.372,-10.447,31.9,1.7850625,6.5
153.479,46.986,13.5,1.7850625,6.5
165.171,-10.747,14.4,1.7850625,6.5
167.578,-15.397,110.2,1.7850625,6.5
125.451,77.601,10,1.7850625,6.5
127.004,-7.14,314.5,1.7850625,6.5
-152.972,60.296,137.5,1.7850625,6.5
-66.958,-17.756,285.2,1.7850625,6.5
-70.554,-24.893,30.7,1.7850625,6.5
-87.03,12.534,76.2,1.7850625,6.5
159.972,52.956,33.7,1.7850625,6.5
167.865,-18.162,51.4,1.7850625,6.5
-70.884,-28.135,37.4,1.7850625,6.5
-108.156,-26.969,10,1.7850625,6.5
173.581,-21.179,33,1.7850625,6.5
-162.601,54.211,33.6,1.7850625,6.5
126.115,10.672,14.4,1.7850625,6.5
127.709,4.47,94,1.7850625,6.5
152.656,-5.715,20,1.7850625,6.5
-177.736,-19.013,384.9,1.7850625,6.5
176.765,-37.965,19.2,1.7850625,6.5
-177.456,-19.489,394.5,1.7850625,6.5
-176.538,-19.469,33,1.7850625,6.5
-176.737,-28.101,17.1,1.7850625,6.5
119.201,-9.917,24.9,1.7850625,6.5
165.537,-11.086,23.6,1.7850625,6.5
-179.937,-31.827,215.3,1.7850625,6.5
-153.405,56.201,31.3,1.7850625,6.5
152.442,-5.187,51.2,1.7850625,6.5
56.832,10.389,7.8,1.7850625,6.5
-176.056,-20.037,211.2,1.7850625,6.5
-176.653,51.356,27,1.7850625,6.5
-174.504,52.327,26.2,1.7850625,6.5
166.831,-13.923,29.4,1.7850625,6.5
51.555,40.368,33,1.7850625,6.5
139.552,27.791,508,1.7850625,6.5
104.191,-5.763,24.5,1.7850625,6.5
166.654,-14.092,33,1.7850625,6.5
78.368,-38.577,10,1.7850625,6.5
-179.347,-35.257,44,1.7850625,6.5
-63.171,-28.692,596,1.7850625,6.5
107.082,-6.791,153.8,1.7850625,6.5
149.733,-6.394,10,1.7850625,6.5
141.773,37.771,51.6,1.7850625,6.5
167.834,-17.243,28.6,1.7850625,6.5
163.584,-11.012,35.8,1.7850625,6.5
-25.33,-56.637,33,1.7850625,6.5
139.525,28.23,468.7,1.7850625,6.5
-72.185,-34.254,45,1.7850625,6.5
123.544,7.758,33,1.7850625,6.5
-62.448,17.013,13.4,1.7850625,6.5
-127.561,43.51,10,1.7850625,6.5
-178.05,-17.779,645.8,1.7850625,6.5
-72.491,-15.705,116.8,1.7850625,6.5
146.692,47.45,414.1,1.7850625,6.5
-174.352,-15.934,149.7,1.7850625,6.5
145.805,-4.647,27.6,1.7850625,6.5
120.858,1.131,33,1.7850625,6.5
-25.392,-60.62,33,1.7850625,6.5
121.052,1.084,40.1,1.7850625,6.5
156.311,-8.101,7.4,1.7850625,6.5
131.484,33.509,126.4,1.7850625,6.5
120.86,18.231,28.8,1.7850625,6.5
-83.688,9.652,33,1.7850625,6.5
-175.641,-18.907,33,1.7850625,6.5
150.896,-5.399,112.4,1.7850625,6.5
143.764,41.473,30.4,1.7850625,6.5
155.602,49.408,51,1.7850625,6.5
-159.189,54.931,47,1.7850625,6.5
-24.311,-57.966,56,1.7850625,6.5
122.547,24.595,86.9,1.7850625,6.5
153.158,-4.354,45,1.7850625,6.5
-177.151,-29.318,25.4,1.7850625,6.5
-92.082,14.315,64.8,1.7850625,6.5
140.999,33.579,18,1.7850625,6.5
82.246,31.696,33,1.7850625,6.5
-21.87,-0.972,10,1.7850625,6.5
24.905,38.938,13.3,1.7850625,6.5
120.839,18.752,24,1.7850625,6.5
148.079,-57.591,10,1.7850625,6.5
151.453,46.06,33,1.7850625,6.5
170.38,-22.313,33,1.7850625,6.5
142.237,-3.225,33,1.7850625,6.5
81.092,29.598,18,1.7850625,6.5
143.521,-4.456,84,1.7850625,6.5
151.686,-5.233,49,1.7850625,6.5
-173.57,-15.268,43,1.7850625,6.5
158.89,-54.158,10,1.7850625,6.5
-82.943,8.316,28,1.7850625,6.5
-102.601,-36.007,10,1.7850625,6.5
-103.865,10.366,10,1.7850625,6.5
2.073,-54.476,10,1.7850625,6.5
88.388,32.693,33,1.7850625,6.5
166.706,-13.682,33,1.7850625,6.5
-68.919,-20.52,82,1.7850625,6.5
156.941,-8.818,33,1.7850625,6.5
101.052,27.605,33,1.7850625,6.5
77.659,-29.349,33,1.7850625,6.5
-177.876,-30.239,32,1.7850625,6.5
114.888,-8.17,40,1.7850625,6.5
126.75,3.665,33,1.7850625,6.5
13.275,46.356,9,1.7850625,6.5
-85.88,3.929,33,1.7850625,6.5
-68.478,-56.772,14,1.7850625,6.5
55.078,73.351,0,1.7850625,6.5
-177.43,-16.256,33,1.7850625,6.5
-173.994,-20.535,33,1.7850625,6.5
78.443,-40.446,33,1.7850625,6.5
94.7,21.485,157,1.7850625,6.5
-113.346,29.459,33,1.7850625,6.5
147.821,-3.043,33,1.7850625,6.5
-10.427,71.516,13,1.7850625,6.5
-179.419,51.377,48,1.7850625,6.5
-77.773,7.218,36,1.7850625,6.5
129.992,-4.956,33,1.7850625,6.5
129.779,-5.012,33,1.7850625,6.5
129.463,-6.88,117,1.7850625,6.5
108.356,-9.815,33,1.7850625,6.5
70.763,36.353,211,1.7850625,6.5
138.74,34.522,2,1.7850625,6.5
156.179,-7.484,50,1.7850625,6.5
-164.672,53.799,2,1.7850625,6.5
-71.916,-32.987,14,1.7850625,6.5
130.871,41.891,575,1.7850625,6.5
125.33,12.205,33,1.7850625,6.5
-78.144,4.956,50,1.7850625,6.5
-84.759,10.679,33,1.7850625,6.5
126.58,2.033,33,1.7850625,6.5
-28.344,-55.532,17.3,1.7850625,6.5
20.307,38.347,15,1.7850625,6.5
166.319,-11.772,67,1.7850625,6.5
144.934,-3.513,15,1.7850625,6.5
-129.51,50.078,15,1.7850625,6.5
150.166,-3.557,30,1.7850625,6.5
-178.892,-20.113,643,1.7850625,6.5
154.577,-6.151,55,1.7850625,6.5
-179.857,-23.449,543.1,1.7850625,6.5
142.405,11.929,25,1.7850625,6.5
-110.834,26.816,15,1.7850625,6.5
141.07,46.264,20,1.7850625,6.5
145.924,-3.974,10,1.7850625,6.5
-178.289,-15.547,25,1.7850625,6.5
154.282,-5.964,64.5,1.7850625,6.5
152.864,-5.127,24.5,1.7850625,6.5
153.232,-5.203,40,1.7850625,6.5
-69.825,17.907,35,1.7850625,6.5
-122.622,-56.344,15,1.7850625,6.5
178.405,-25.204,587.2,1.7850625,6.5
-71.146,-30.838,50.7,1.7850625,6.5
143.742,41.787,40,1.7850625,6.5
-69.988,-23.222,39.2,1.7850625,6.5
123.863,12.081,13.5,1.7850625,6.5
-178.011,-32.003,25,1.7850625,6.5
-77.438,6.375,15,1.7850625,6.5
151.521,52.224,580.6,1.7850625,6.5
153.137,-4.668,60,1.7850625,6.5
-86.63,11.892,60,1.7850625,6.5
166.721,-13.871,45,1.7850625,6.5
-70.276,-22.261,60,1.7850625,6.5
121.723,15.457,25,1.7850625,6.5
112.997,-5.923,622.8,1.7850625,6.5
166.488,-12.592,35,1.7850625,6.5
-109.188,25.213,15,1.7850625,6.5
145.477,19.033,202.6,1.7850625,6.5
151.019,-3.549,25,1.7850625,6.5
128.435,28.783,168.5,1.7850625,6.5
172.113,-14.177,597,1.7850625,6.5
117.071,-31.566,15,1.7850625,6.5
142.759,41.965,35,1.7850625,6.5
-62.748,10.697,103.4,1.7850625,6.5
-178.766,-30.775,15,1.7850625,6.5
126.182,1.402,25,1.7850625,6.5
-80.544,-6.987,31.8,1.7850625,6.5
143.233,39.808,43,1.7850625,6.5
143.745,39.856,25,1.7850625,6.5
-14.249,-1.352,21.2,1.7850625,6.5
-174.673,-22.548,15,1.7850625,6.5
-0.794,80.161,15,1.7850625,6.5
52.099,14.432,11.9,1.7850625,6.5
-179.422,-31.278,236.1,1.7850625,6.5
-158.087,54.358,27.5,1.7850625,6.5
-175.078,-23.878,15,1.7850625,6.5
-21.081,-0.922,10,1.7850625,6.5
-173.608,-15.237,30,1.7850625,6.5
122.191,-0.711,20,1.7850625,6.5
114.875,37.156,25,1.7850625,6.5
146.163,20.711,45.7,1.7850625,6.5
70.041,30.276,10,1.7850625,6.5
69.761,29.956,10,1.7850625,6.5
130.402,-6.193,133.3,1.7850625,6.5
-177.721,-18.855,430,1.7850625,6.5
87.843,43.745,35,1.7850625,6.5
-177.999,-28.278,25,1.7850625,6.5
-77.476,-1.443,185.9,1.7850625,6.5
151.701,-5.213,60,1.7850625,6.5
-141.418,60.281,15,1.7850625,6.5
-152.948,56.543,20,1.7850625,6.5
-178.646,-17.857,543.7,1.7850625,6.5
-173.254,-15.262,30.5,1.7850625,6.5
171.974,52.773,30,1.7850625,6.5
-1.974,-54.035,10,1.7850625,6.5
149.508,44.411,26,1.7850625,6.5
149.302,-5.959,35,1.7850625,6.5
-71.044,-27.802,30,1.7850625,6.5
-175.429,-23.277,20,1.7850625,6.5
-110.307,26.142,15,1.7850625,6.5
149.553,44.616,35,1.7850625,6.5
139.195,38.67,10,1.7850625,6.5
139.039,40.446,25,1.7850625,6.5
35.243,-4.083,33.8,1.7850625,6.5
-154.428,56.456,25,1.7850625,6.5
-148.979,59.684,15,1.7850625,6.5
-154.214,56.259,25,1.7850625,6.5
-152.115,56.388,15,1.7850625,6.5
-151.289,58.205,25,1.7850625,6.5
-71.744,-16.402,117.7,1.7850625,6.5
120.683,23.097,48.1,1.7850625,6.5
105.431,-6.399,45,1.7850625,6.5
149.305,44.282,21.2,1.7850625,6.5
73.337,38.722,35,1.7850625,6.5
74.211,39.688,15,1.7850625,6.5
141.883,37.721,35,1.7850625,6.5
-177.08,-29.815,25,1.7850625,6.5
-76.539,-6.254,119.8,1.7850625,6.5
-178.033,-29.979,15,1.7850625,6.5
-113.464,-27.083,10,1.7850625,6.5
149.835,-2.543,35,1.7850625,6.5
-168.769,52.168,33.3,1.7850625,6.5
-168.351,52.232,25,1.7850625,6.5
121.893,24.251,35,1.7850625,6.5
-179.11,-21.225,630.6,1.7850625,6.5
123.416,25.193,128.8,1.7850625,6.5
-76.352,5.173,64,1.7850625,6.5
128.327,25.48,23,1.7850625,6.5
146.901,45.261,25,1.7850625,6.5
-34.185,-60.122,15,1.7850625,6.5
-82.818,7.917,25,1.7850625,6.5
-70.428,18.272,35.6,1.7850625,6.5
177.83,52.083,15,1.7850625,6.5
145.252,42.928,43,1.7850625,6.5
148.19,-3.036,20,1.7850625,6.5
149.747,-5.984,48.4,1.7850625,6.5
121.71,-8.453,45,1.7850625,6.5
155.455,-6.804,45,1.7850625,6.5
-175.978,51.782,31.9,1.7850625,6.5
-172.247,51.753,35.7,1.7850625,6.5
29.031,-3.536,13.7,1.7850625,6.5
178.883,51.363,18.6,1.7850625,6.5
162.972,55.626,20,1.7850625,6.5
-131.39,51.742,15,1.7850625,6.5
-73.866,-38.543,20,1.7850625,6.5
167.61,-28.5,15,1.7850625,6.5
130.004,29.181,59.4,1.7850625,6.5
127.731,-3.995,35,1.7850625,6.5
160.429,52.371,39.6,1.7850625,6.5
140.743,43.972,30,1.7850625,6.5
143.009,37.468,20,1.7850625,6.5
121.396,21.964,20,1.7850625,6.5
-130.524,50.607,15,1.7850625,6.5
172.946,-16.197,15,1.7850625,6.5
-92.31,14.548,25,1.7850625,6.5
-25.764,-59.572,25,1.7850625,6.5
147.743,-57.069,10,1.7850625,6.5
121.074,56.616,15,1.7850625,6.5
126.145,0.422,47.5,1.7850625,6.5
129.78,-0.562,45,1.7850625,6.5
47.748,34.388,15,1.7850625,6.5
-179.165,-32.784,30,1.7850625,6.5
156.229,50.057,57.4,1.7850625,6.5
123.959,12.221,20,1.7850625,6.5
-103.647,10.387,15,1.7850625,6.5
-70.94,-23.409,15,1.7850625,6.5
-177.717,-29.901,50,1.7850625,6.5
120.341,17.866,45,1.7850625,6.5
-178.096,-30.525,62.5,1.7850625,6.5
-166.354,52.227,14.5,1.7850625,6.5
-173.589,51.587,25,1.7850625,6.5
-178.952,51.297,35,1.7850625,6.5
-173.041,51.729,25,1.7850625,6.5
22.701,39.323,10,1.7850625,6.5
137.59,33.187,357.6,1.7850625,6.5
-168.561,52.571,20,1.7850625,6.5
177.657,-38.343,35,1.7850625,6.5
-130.756,51.286,15,1.7850625,6.5
-179.089,51.232,25,1.7850625,6.5
177.571,52.123,25,1.7850625,6.5
69.667,33.997,10,1.7850625,6.5
163.624,56.104,20,1.7850625,6.5
-173.643,-15.131,35,1.7850625,6.5
-131.556,51.597,15,1.7850625,6.5
128.065,-7.363,35,1.7850625,6.5
-107.085,18.924,15,1.7850625,6.5
-77.878,-0.23,15,1.7850625,6.5
159.976,51.957,28.5,1.7850625,6.5
-109.662,25.471,15,1.7850625,6.5
121,21.779,25,1.7850625,6.5
82.579,33.136,35,1.7850625,6.5
-167.613,53.031,40,1.7850625,6.5
167.768,-16.113,15,1.7850625,6.5
166.046,-10.969,35,1.7850625,6.5
156.519,48.88,20,1.7850625,6.5
-118.516,39.378,15,1.7850625,6.5
153.384,46.463,19.1,1.7850625,6.5
-18.669,-0.242,15,1.7850625,6.5
130.673,27.179,20,1.7850625,6.5
165.057,-48.57,35,1.7850625,6.5
159.946,52.226,25,1.7850625,6.5
85.743,31.151,30,1.7850625,6.5
141.499,34.378,25,1.7850625,6.5
82.786,32.116,30,1.7850625,6.5
20.846,38.301,10,1.7850625,6.5
156.821,50.824,53.4,1.7850625,6.5
-154.122,56.282,20,1.7850625,6.5
156.085,49.196,30,1.7850625,6.5
126.938,6.244,35,1.7850625,6.5
24.346,34.474,25,1.7850625,6.5
174.045,52.382,35,1.7850625,6.5
157.069,50.72,45,1.7850625,6.5
156.596,48.807,20,1.7850625,6.5
156.363,50.416,54.1,1.7850625,6.5
159.829,52.46,25,1.7850625,6.5
156.302,49.416,32.8,1.7850625,6.5
161.332,52.93,22.7,1.7850625,6.5
143.466,39.118,20,1.7850625,6.5
143.185,39.438,22.5,1.7850625,6.5
143.585,39.402,25,1.7850625,6.5
143.094,39.522,27.7,1.7850625,6.5
127.181,-3.239,25,1.7850625,6.5
29.914,-0.36,15,1.7850625,6.5
-68.483,-31.672,25,1.7850625,6.5
-178.713,-15.443,25,1.7850625,6.5
144.245,41.811,30,1.7850625,6.5
-71.941,7.013,28.2,1.7850625,6.5
-25.792,-56.505,15,1.7850625,6.5
136.242,36.458,10,1.7850625,6.5
-173.369,-17.005,41.8,1.7850625,6.5
-113.925,-27.396,15,1.7850625,6.5
-98.883,16.716,30.7,1.7850625,6.5
154.226,46.705,20,1.7850625,6.5
98.223,-0.363,50,1.7850625,6.5
157.15,-57.894,15,1.7850625,6.5
121.478,24.022,25,1.7850625,6.5
121.664,24.067,20,1.7850625,6.5
121.326,23.904,20,1.7850625,6.5
121.571,23.889,25,1.7850625,6.5
121.062,23.728,25,1.7850625,6.5
-177.01,-29.633,25,1.7850625,6.5
122.386,9.967,25,1.7850625,6.5
154.171,-8.292,25,1.7850625,6.5
136.461,65.361,10,1.7850625,6.5
164.406,-49.337,15,1.7850625,6.5
173.141,-16.641,35,1.7850625,6.5
-14.837,-46.349,15,1.7850625,6.5
-124.555,40.3828333,21.713,1.863208592,6.57
166.8752,-13.336,35,1.8974736,6.6
126.758,2.258,43.21,1.8974736,6.6
169.7331,-22.0629,10,1.8974736,6.6
141.9294,42.6861,35,1.8974736,6.6
9.6842,-53.0623,10,1.8974736,6.6
168.5984,-21.5027,13,1.8974736,6.6
168.8585,-21.6484,22,1.8974736,6.6
-13.6605,-1.112,35,1.8974736,6.6
27.4139,36.9293,7,1.8974736,6.6
164.0157,-49.4837,10,1.8974736,6.6
120.4313,-1.2923,12,1.8974736,6.6
162.7861,56.9401,17,1.8974736,6.6
-126.1936,40.4535,8.45,1.8974736,6.6
73.9776,39.2732,17,1.8974736,6.6
13.0961,42.8621,8,1.8974736,6.6
108.1627,-4.8626,614,1.8974736,6.6
100.6654,-2.0967,50,1.8974736,6.6
-103.7363,10.2752,10,1.8974736,6.6
71.1311,36.4725,212,1.8974736,6.6
-106.9337,18.8239,10,1.8974736,6.6
-93.633,15.8015,85,1.8974736,6.6
94.648,6.8431,10,1.8974736,6.6
131.2622,-0.6212,18,1.8974736,6.6
-71.3792,-31.7275,35,1.8974736,6.6
158.0525,-9.3438,22,1.8974736,6.6
84.8216,28.2244,10,1.8974736,6.6
-82.6865,7.9401,20,1.8974736,6.6
154.4603,-6.5108,23,1.8974736,6.6
123.1261,6.1572,614,1.8974736,6.6
148.2315,-5.9873,53.19,1.8974736,6.6
-110.8647,-32.0953,10,1.8974736,6.6
179.0856,-24.6108,527,1.8974736,6.6
170.3546,-21.4542,106,1.8974736,6.6
155.0869,-6.6558,29,1.8974736,6.6
162.052,-11.1284,10,1.8974736,6.6
-85.8779,11.642,135,1.8974736,6.6
-71.5215,-30.2921,27,1.8974736,6.6
-110.3209,26.0913,9.45,1.8974736,6.6
23.2523,35.5142,40,1.8974736,6.6
149.706,-6.029,56,1.8974736,6.6
-42.594,10.701,10,1.8974736,6.6
102.888,30.308,14,1.8974736,6.6
142.542,-3.214,13,1.8974736,6.6
154.607,-6.475,31,1.8974736,6.6
142.508,67.631,11,1.8974736,6.6
165.741,-10.994,18,1.8974736,6.6
134.03,-4.892,13,1.8974736,6.6
153.699,-60.326,10,1.8974736,6.6
126.837,2.19,91.1,1.8974736,6.6
-174.705,-18.685,134.7,1.8974736,6.6
145.955,-6.242,118,1.8974736,6.6
170.34,-22.141,14,1.8974736,6.6
-56.113,-60.948,8,1.8974736,6.6
95.911,51.842,15,1.8974736,6.6
-65.09,-15.364,549.9,1.8974736,6.6
144.828,-3.518,10,1.8974736,6.6
179.874,-34.336,86,1.8974736,6.6
140.401,37.001,11,1.8974736,6.6
-94.338,17.208,166.2,1.8974736,6.6
142.463,39.241,25.7,1.8974736,6.6
142.269,36.023,16,1.8974736,6.6
123.039,4.077,525,1.8974736,6.6
149.977,-6.001,33,1.8974736,6.6
141.429,12.273,13,1.8974736,6.6
123.222,6.548,618,1.8974736,6.6
123.519,6.218,553,1.8974736,6.6
-73.31,-38.067,22,1.8974736,6.6
136.484,-2.329,10.5,1.8974736,6.6
92.831,13.667,34,1.8974736,6.6
152.245,-3.361,414.6,1.8974736,6.6
-73.374,-36.665,18,1.8974736,6.6
157.487,-8.726,10,1.8974736,6.6
-131.395,52.123,17,1.8974736,6.6
118.631,-8.207,18,1.8974736,6.6
123.378,6.74,620,1.8974736,6.6
101.524,-2.482,9,1.8974736,6.6
-172.571,-15.223,11,1.8974736,6.6
140.395,32.821,53,1.8974736,6.6
166.09,-11.612,35,1.8974736,6.6
151.427,46.015,35,1.8974736,6.6
170.911,-22.596,12,1.8974736,6.6
70.743,36.419,204.8,1.8974736,6.6
127.363,1.885,96,1.8974736,6.6
-38.705,8.093,9,1.8974736,6.6
164.493,-11.041,11,1.8974736,6.6
91.824,11.005,17,1.8974736,6.6
-177.528,51.864,14,1.8974736,6.6
-179.165,51.878,13,1.8974736,6.6
99.891,-2.332,25,1.8974736,6.6
-25.586,-60.797,8,1.8974736,6.6
-130.746,51.254,15,1.8974736,6.6
178.291,-39.011,20,1.8974736,6.6
162.149,-10.95,16,1.8974736,6.6
161.318,-51.777,10,1.8974736,6.6
179.53,-25.775,509.3,1.8974736,6.6
164.11,-49.138,18,1.8974736,6.6
138.446,37.535,12,1.8974736,6.6
155.777,-7.169,10,1.8974736,6.6
144.705,20.98,20,1.8974736,6.6
51.365,13.313,15,1.8974736,6.6
151.195,-6.482,11,1.8974736,6.6
153.166,46.351,11,1.8974736,6.6
-67.028,-24.403,184,1.8974736,6.6
-179.312,51.214,22,1.8974736,6.6
165.743,60.772,19,1.8974736,6.6
167.516,60.491,11,1.8974736,6.6
-112.117,28.164,14,1.8974736,6.6
152.223,-6.584,17,1.8974736,6.6
151.84,-5.437,25,1.8974736,6.6
-86.172,11.245,27,1.8974736,6.6
-126.574,40.773,12,1.8974736,6.6
-179.353,-32.589,34,1.8974736,6.6
145.909,-3.484,11.4,1.8974736,6.6
130.131,33.807,10,1.8974736,6.6
-16.558,-36.32,10,1.8974736,6.6
145.867,16.011,142.7,1.8974736,6.6
141.491,34.064,27.8,1.8974736,6.6
140.842,10.934,24.9,1.8974736,6.6
92.375,8.879,16.1,1.8974736,6.6
-113.834,-26.525,10,1.8974736,6.6
-178.71,-20.068,622.6,1.8974736,6.6
138.779,37.226,16,1.8974736,6.6
137.227,33.205,10,1.8974736,6.6
-73.406,-37.695,21,1.8974736,6.6
71.029,36.512,187.1,1.8974736,6.6
-14.963,-58.425,10,1.8974736,6.6
58.311,28.995,10,1.8974736,6.6
-20.601,-0.769,10,1.8974736,6.6
150.88,-5.581,35,1.8974736,6.6
-19.689,-0.674,10,1.8974736,6.6
168.892,-19.262,113.7,1.8974736,6.6
95.672,19.917,10,1.8974736,6.6
-176.585,-21.08,212.9,1.8974736,6.6
152.502,-5.095,33,1.8974736,6.6
-164.643,53.645,19,1.8974736,6.6
-36.404,-56.051,10,1.8974736,6.6
179.334,51.197,33,1.8974736,6.6
-147.9116,63.5144,4.2,1.8974736,6.6
-71.124,-30.805,54,1.8974736,6.6
99.751,-47.801,10,1.8974736,6.6
151.248,-5.345,39,1.8974736,6.6
168.004,-17.664,10,1.8974736,6.6
-73.987,-16.086,62,1.8974736,6.6
-88.938,13.671,10,1.8974736,6.6
154.353,-9.231,33,1.8974736,6.6
-179.124,-21.178,628.2,1.8974736,6.6
153.181,-5.097,33,1.8974736,6.6
179.725,-31.511,357.7,1.8974736,6.6
166.448,-12.037,33,1.8974736,6.6
150.917,-7.747,10,1.8974736,6.6
-154.206,57.369,43.6,1.8974736,6.6
139.55,-50.579,10,1.8974736,6.6
143.807,-6.817,10,1.8974736,6.6
150.876,-5.844,33,1.8974736,6.6
-69.171,-18.901,128.1,1.8974736,6.6
168.039,-16.117,33,1.8974736,6.6
152.877,-5.165,27,1.8974736,6.6
79.403,30.512,15,1.8974736,6.6
57.193,28.343,33,1.8974736,6.6
-169.123,52.886,67.2,1.8974736,6.6
126.198,1.253,33,1.8974736,6.6
125.966,0.839,33,1.8974736,6.6
112.413,-8.194,151.6,1.8974736,6.6
-71.715,-29.45,27,1.8974736,6.6
70.11,37.106,33,1.8974736,6.6
-65.431,-17.731,24,1.8974736,6.6
151.714,-5.147,61.4,1.8974736,6.6
-74.238,-8.148,164.6,1.8974736,6.6
57.605,30.154,9,1.8974736,6.6
-179.329,-15.731,33,1.8974736,6.6
-71.41,-30.985,34.8,1.8974736,6.6
-91.473,14.374,33,1.8974736,6.6
178.871,51.187,20,1.8974736,6.6
20.656,37.57,33,1.8974736,6.6
144.362,-3.562,22.8,1.8974736,6.6
-179.14,-15.477,10,1.8974736,6.6
143.538,27.999,9,1.8974736,6.6
131.093,30.568,10,1.8974736,6.6
126.334,9.454,33,1.8974736,6.6
126.284,9.463,33,1.8974736,6.6
120.254,1.016,33,1.8974736,6.6
154.833,-4.548,500,1.8974736,6.6
-70.093,-23.944,49.5,1.8974736,6.6
-86.856,11.657,33,1.8974736,6.6
-14.273,-1.266,10,1.8974736,6.6
-15.279,-1.496,10.6,1.8974736,6.6
100.276,27.291,11.1,1.8974736,6.6
159.586,53.826,33,1.8974736,6.6
149.237,44.505,18.1,1.8974736,6.6
-104,10.16,10,1.8974736,6.6
149.103,44.537,27.8,1.8974736,6.6
-110.284,26.092,12.2,1.8974736,6.6
-75.577,5.139,119.6,1.8974736,6.6
153.773,-5.429,18.7,1.8974736,6.6
169.287,-19.544,139.4,1.8974736,6.6
-88.36,12.128,25,1.8974736,6.6
21.695,40.149,14,1.8974736,6.6
126.777,6.279,94.1,1.8974736,6.6
-125.7566667,40.5918333,4.622,1.8974736,6.6
110.352,-5.786,637.5,1.8974736,6.6
150.061,44.783,18.6,1.8974736,6.6
150.158,44.767,14.7,1.8974736,6.6
-27.365,-56.362,81.3,1.8974736,6.6
112.892,-10.362,25.9,1.8974736,6.6
122.448,23.959,16.3,1.8974736,6.6
128.965,-6.13,13.1,1.8974736,6.6
-51.621,-53.651,33,1.8974736,6.6
153.231,-4.641,49,1.8974736,6.6
-70.166,-25.304,47.5,1.8974736,6.6
-176.753,-29.053,15.6,1.8974736,6.6
-173.332,-15.286,21.3,1.8974736,6.6
-177.355,-26.536,18.2,1.8974736,6.6
137.245,37.634,10.6,1.8974736,6.6
133.465,38.649,448.3,1.8974736,6.6
-26.405,-56.665,20.1,1.8974736,6.6
-177.279,-29.536,18.7,1.8974736,6.6
-177.205,-30.227,26.3,1.8974736,6.6
-178.037,51.281,33,1.8974736,6.6
73.237,42.104,18.5,1.8974736,6.6
121.748,-7.126,485.9,1.8974736,6.6
103.001,-5.454,29.3,1.8974736,6.6
-84.323,10.21,78.9,1.8974736,6.6
-24.614,-56.102,10,1.8974736,6.6
151.56,45.578,30,1.8974736,6.6
-177.981,-30.255,21.4,1.8974736,6.6
150.959,-5.814,28,1.8974736,6.6
-24.183,-58.285,51.7,1.8974736,6.6
126.539,-7.517,18.4,1.8974736,6.6
167.023,60.904,13,1.8974736,6.6
55.462,28.251,10.6,1.8974736,6.6
-66.618,-19.503,266,1.8974736,6.6
-80.283,-0.143,14.2,1.8974736,6.6
-17.376,0.003,11.1,1.8974736,6.6
31.654,5.395,12.6,1.8974736,6.6
85.076,47.869,57.9,1.8974736,6.6
-77.229,-6.016,24.2,1.8974736,6.6
-156.858,58.84,211,1.8974736,6.6
-179.093,-31.092,144.8,1.8974736,6.6
174.164,-22.405,33,1.8974736,6.6
124.625,9.725,30.3,1.8974736,6.6
-74.459,-7.631,153,1.8974736,6.6
154.459,-4.104,493.5,1.8974736,6.6
121.965,23.043,10.7,1.8974736,6.6
149.785,-6.125,61,1.8974736,6.6
124.537,12.399,19.3,1.8974736,6.6
-90.45,13.881,68.5,1.8974736,6.6
160.855,-10.199,39.8,1.8974736,6.6
171.082,-22.212,55.5,1.8974736,6.6
174.9,-22.127,18.5,1.8974736,6.6
137.896,8.919,14.6,1.8974736,6.6
-85.911,11.493,86.7,1.8974736,6.6
-178.645,-20.917,623,1.8974736,6.6
-177.423,-28.827,14.8,1.8974736,6.6
-115.852,33.015,11.181,1.8974736,6.6
168.161,-18.546,25.1,1.8974736,6.6
-177.968,-31.089,33,1.8974736,6.6
-70.931,-17.897,36.5,1.8974736,6.6
167.828,-14.074,47.5,1.8974736,6.6
138.17,-2.164,20.7,1.8974736,6.6
-176.134,-20.397,213.5,1.8974736,6.6
141.677,39.895,67.7,1.8974736,6.6
179.288,-34.549,32.2,1.8974736,6.6
169.165,-19.511,111.1,1.8974736,6.6
140.595,34.794,62.6,1.8974736,6.6
125.259,5.644,31.9,1.8974736,6.6
125.205,26.743,193.5,1.8974736,6.6
166.251,-14.073,37.2,1.8974736,6.6
-159.613,54.765,30.2,1.8974736,6.6
-178.981,-21.011,624.6,1.8974736,6.6
-28.432,0.932,10,1.8974736,6.6
-71.23,-9.196,599.9,1.8974736,6.6
-71.793,-32.925,33,1.8974736,6.6
-174.076,-17.109,141,1.8974736,6.6
125.543,5.731,153.2,1.8974736,6.6
-175.911,-25.849,21.1,1.8974736,6.6
-125.1303333,40.5038333,4.333,1.8974736,6.6
154.424,-6.056,33,1.8974736,6.6
-174.831,-15.816,246.6,1.8974736,6.6
-79.877,0.482,54.9,1.8974736,6.6
128.335,1.27,59.4,1.8974736,6.6
120.833,1.093,27.7,1.8974736,6.6
-147.286,61.031,37,1.8974736,6.6
-174.605,-17.038,179.6,1.8974736,6.6
69.011,36.148,36,1.8974736,6.6
167.205,-13.323,256.7,1.8974736,6.6
-76.703,-1.719,195,1.8974736,6.6
170.506,-22.518,30,1.8974736,6.6
123.21,11.05,33,1.8974736,6.6
147.031,43.621,45,1.8974736,6.6
-177.154,-29.273,49,1.8974736,6.6
150.189,-6.017,53,1.8974736,6.6
102.712,-3.299,33,1.8974736,6.6
59.741,33.918,33,1.8974736,6.6
-174.858,-23.576,32,1.8974736,6.6
-90.73,13.778,65,1.8974736,6.6
-41.688,10.731,10,1.8974736,6.6
-100.877,17.413,41,1.8974736,6.6
-152.691,56.423,14,1.8974736,6.6
149.029,44.14,33,1.8974736,6.6
-177.119,-30.414,33,1.8974736,6.6
139.259,34.809,14,1.8974736,6.6
40.278,16.659,33,1.8974736,6.6
177.954,51.144,8,1.8974736,6.6
144.447,-3.63,33,1.8974736,6.6
152.755,-4.157,53,1.8974736,6.6
-74.478,-11.637,33,1.8974736,6.6
139.683,-51.603,33,1.8974736,6.6
167.573,-44.642,19,1.8974736,6.6
142.04,-4.084,115,1.8974736,6.6
167.845,54.877,4,1.8974736,6.6
122.802,22.735,21,1.8974736,6.6
126.145,-2.444,33,1.8974736,6.6
-176.11,-29.122,33,1.8974736,6.6
84.28,-26.09,33,1.8974736,6.6
56.875,-33.416,33,1.8974736,6.6
156.193,-7.335,33,1.8974736,6.6
166.639,-15.506,10,1.8974736,6.6
146.56,43.175,50,1.8974736,6.6
91.384,6.966,33,1.8974736,6.6
-95.036,15.612,15,1.8974736,6.6
155.928,49.149,45,1.8974736,6.6
152.618,-4.255,30,1.8974736,6.6
-28.28,0.922,10,1.8974736,6.6
52.765,28.415,10,1.8974736,6.6
-178.169,-28.277,200,1.8974736,6.6
144.905,-4.718,20,1.8974736,6.6
144.966,-4.866,25.7,1.8974736,6.6
153.314,44.889,20,1.8974736,6.6
142.531,11.909,21.6,1.8974736,6.6
2.317,-54.276,10,1.8974736,6.6
141.144,46.347,18.4,1.8974736,6.6
-178.376,-15.751,25,1.8974736,6.6
152.88,-5.283,40,1.8974736,6.6
152.235,-5.275,40,1.8974736,6.6
153.288,-4.869,47.5,1.8974736,6.6
-104.833,-39.811,15,1.8974736,6.6
129.106,2.514,31.3,1.8974736,6.6
145.393,-5.775,111,1.8974736,6.6
-118.37,34.416,8.95,1.8974736,6.6
139.674,-3.078,30,1.8974736,6.6
153.52,-5.242,55,1.8974736,6.6
-77.488,6.214,15,1.8974736,6.6
147.629,17.717,25,1.8974736,6.6
51.995,14.248,15,1.8974736,6.6
124,-8.683,85.8,1.8974736,6.6
-68.413,-24.418,110.6,1.8974736,6.6
-93.254,14.545,35,1.8974736,6.6
-92.847,14.425,35,1.8974736,6.6
169.318,-18.715,238.7,1.8974736,6.6
168.634,-17.07,237.2,1.8974736,6.6
168.672,-19.091,30,1.8974736,6.6
60.043,27.793,75,1.8974736,6.6
-107.988,23.148,10,1.8974736,6.6
-178.975,51.279,30,1.8974736,6.6
-75.051,-11.841,10,1.8974736,6.6
148.109,43.731,26.7,1.8974736,6.6
129.569,-6.069,176.1,1.8974736,6.6
33.895,27.575,10,1.8974736,6.6
127.609,4.575,50,1.8974736,6.6
146.033,-3.517,15,1.8974736,6.6
143.178,40.881,27.6,1.8974736,6.6
-116.103,33.1798333,10,1.8974736,6.6
147.283,43.05,23.5,1.8974736,6.6
73.885,17.412,15,1.8974736,6.6
-24.301,-60.761,10,1.8974736,6.6
95.669,3.697,39.1,1.8974736,6.6
-67.33,10.559,25,1.8974736,6.6
24.684,39.1,15,1.8974736,6.6
142.152,38.244,45.8,1.8974736,6.6
148.256,-7.039,30,1.8974736,6.6
71.224,36.421,215.6,1.8974736,6.6
29.863,0.622,29.3,1.8974736,6.6
78.866,-32.265,15,1.8974736,6.6
168.021,-17.67,35,1.8974736,6.6
144.01,-4.459,108.8,1.8974736,6.6
122.552,-0.614,20,1.8974736,6.6
-154.081,56.35,25,1.8974736,6.6
-7.59,36.221,25,1.8974736,6.6
70.947,36.48,195.5,1.8974736,6.6
-81.427,-7.095,25,1.8974736,6.6
-176.933,-30.075,25,1.8974736,6.6
-77.623,-2.188,20,1.8974736,6.6
-177.618,-29.985,35,1.8974736,6.6
128.286,-7.403,220,1.8974736,6.6
-161.561,54.578,35,1.8974736,6.6
139.329,29.27,431.2,1.8974736,6.6
143.997,-3.456,25,1.8974736,6.6
142.857,22.027,269.1,1.8974736,6.6
166.574,-12.22,114.4,1.8974736,6.6
95.925,36.929,17,1.8974736,6.6
-72.197,20.378,25,1.8974736,6.6
-73.238,-36.738,20,1.8974736,6.6
-77.035,-2.287,142.1,1.8974736,6.6
169.249,-20.619,34.9,1.8974736,6.6
156.099,50.016,58.5,1.8974736,6.6
169.564,-21.169,35,1.8974736,6.6
169.581,-21.199,35,1.8974736,6.6
-176.31,-24.56,25,1.8974736,6.6
144.888,19.316,419.5,1.8974736,6.6
152.77,-9.3,30,1.8974736,6.6
152.439,-9.337,30,1.8974736,6.6
128.909,0.769,30,1.8974736,6.6
153.487,-4.617,50,1.8974736,6.6
162.745,55.953,26.8,1.8974736,6.6
51.726,13.792,15,1.8974736,6.6
102.816,-5.409,30,1.8974736,6.6
120.119,0.041,35,1.8974736,6.6
173.065,-16.275,15,1.8974736,6.6
-97.154,17.445,65,1.8974736,6.6
-64.907,-23.07,25,1.8974736,6.6
129.651,27.204,15,1.8974736,6.6
-26.134,-59.674,25,1.8974736,6.6
179.357,51.353,30,1.8974736,6.6
154.919,-6.58,25,1.8974736,6.6
52.778,36.277,15,1.8974736,6.6
-72.095,6.868,25,1.8974736,6.6
-178.721,51.425,25,1.8974736,6.6
-173.934,51.657,25,1.8974736,6.6
126.153,10.127,20,1.8974736,6.6
126.191,10.336,20,1.8974736,6.6
-168.135,52.599,20,1.8974736,6.6
-71.474,-30.332,23.5,1.8974736,6.6
-70.507,-18.966,51.5,1.8974736,6.6
122.353,24.025,45,1.8974736,6.6
27.284,37.617,15,1.8974736,6.6
143.741,39.729,10,1.8974736,6.6
166.353,-11.8,62.7,1.8974736,6.6
167.621,-16.395,15,1.8974736,6.6
-123.893,40.846,15,1.8974736,6.6
-117.704,39.207,15,1.8974736,6.6
80.176,-41.124,15,1.8974736,6.6
-97.363,-36.215,10,1.8974736,6.6
124.079,12.835,15,1.8974736,6.6
-112.833,29.04,10,1.8974736,6.6
-179.371,51.514,25,1.8974736,6.6
-177.371,-30.248,25,1.8974736,6.6
141.53,-3.507,25,1.8974736,6.6
166.429,-13.142,25,1.8974736,6.6
157.369,51.035,56.7,1.8974736,6.6
156.008,49.8,49.8,1.8974736,6.6
150.764,-3.649,20,1.8974736,6.6
156.302,50.08,55.2,1.8974736,6.6
-70.401,19.451,16.7,1.8974736,6.6
169.695,-20.802,45,1.8974736,6.6
169.296,-20.811,35,1.8974736,6.6
54.979,35.385,15,1.8974736,6.6
144.078,42.108,45.1,1.8974736,6.6
156.428,50.137,54.2,1.8974736,6.6
159.901,51.764,30,1.8974736,6.6
143.336,39.515,27.8,1.8974736,6.6
102.25,28.43,10,1.8974736,6.6
-172.957,-14.53,15,1.8974736,6.6
98.8,-0.317,30,1.8974736,6.6
121.555,24.014,25,1.8974736,6.6
121.424,23.867,25,1.8974736,6.6
121.741,24.188,30,1.8974736,6.6
-135.634,-55.879,10,1.8974736,6.6
-80.993,7.329,54.4,1.8974736,6.6
159.876,-9.729,15,1.8974736,6.6
-107.252,18.945,15,1.8974736,6.6
112.054,-6.985,45,1.8974736,6.6
-92.4507,14.6843,66,2.0151121,6.7
42.3568,-43.1219,13,2.0151121,6.7
-71.3815,-30.0404,63,2.0151121,6.7
-11.2431,71.6312,10,2.0151121,6.7
153.2429,52.8549,461,2.0151121,6.7
-178.0633,-18.3604,550,2.0151121,6.7
151.4025,-5.5024,40,2.0151121,6.7
142.6116,-6.3043,20.49,2.0151121,6.7
169.1485,-21.6971,24,2.0151121,6.7
123.0735,-7.2168,553.81,2.0151121,6.7
8.6086,-54.2632,9,2.0151121,6.7
127.9206,-7.5082,152,2.0151121,6.7
-79.7899,0.4261,16,2.0151121,6.7
166.5943,-13.9805,27.59,2.0151121,6.7
166.6245,-14.0683,24,2.0151121,6.7
142.781,41.9723,46,2.0151121,6.7
93.6505,24.8036,55,2.0151121,6.7
-71.2574,-9.1825,602.75,2.0151121,6.7
128.8729,31.0009,12,2.0151121,6.7
-71.804,-31.5173,23,2.0151121,6.7
-109.6226,24.913,10,2.0151121,6.7
158.403,-9.307,12,2.0151121,6.7
-156.43,56.594,72.6,2.0151121,6.7
-132.1618,-54.3312,7.2,2.0151121,6.7
151.7706,-5.375,31,2.0151121,6.7
86.0173,27.7711,22.91,2.0151121,6.7
142.8808,39.8558,23,2.0151121,6.7
-66.688,-23.1125,223,2.0151121,6.7
179.6621,-37.6478,22,2.0151121,6.7
144.4294,13.7641,130,2.0151121,6.7
-175.5096,-14.9831,18,2.0151121,6.7
-177.6073,-29.9414,26.59,2.0151121,6.7
-70.7022,-19.9807,20,2.0151121,6.7
-12.7964,-58.153,22.87,2.0151121,6.7
152.7864,53.1995,573,2.0151121,6.7
-78.1999,5.7732,12,2.0151121,6.7
107.236,-10.004,9,2.0151121,6.7
151.444,52.235,624,2.0151121,6.7
165.655,-10.997,11,2.0151121,6.7
167.286,-14.344,200.7,2.0151121,6.7
66.391,-17.592,20,2.0151121,6.7
-63.094,-28.043,586.9,2.0151121,6.7
134.276,-1.617,16,2.0151121,6.7
-71.365,-32.625,29,2.0151121,6.7
169.613,-19.125,16,2.0151121,6.7
95.991,51.708,12,2.0151121,6.7
123.206,9.999,11,2.0151121,6.7
142.779,40.273,30,2.0151121,6.7
97.893,2.965,91,2.0151121,6.7
-63.029,-28.398,578.9,2.0151121,6.7
179.751,-23.801,532,2.0151121,6.7
142.205,39.955,33,2.0151121,6.7
107.693,-9.848,14,2.0151121,6.7
143.37,38.969,2.8,2.0151121,6.7
-72.834,-35.38,21,2.0151121,6.7
59.18,28.412,12,2.0151121,6.7
-109.156,24.696,13,2.0151121,6.7
-169.848,52.876,14,2.0151121,6.7
161.447,-10.627,35,2.0151121,6.7
-73.257,-36.217,18,2.0151121,6.7
123.499,23.501,20,2.0151121,6.7
99.49,-1.479,20,2.0151121,6.7
153.782,-5.157,64,2.0151121,6.7
-26.858,-60.203,20,2.0151121,6.7
170.635,-22.352,27,2.0151121,6.7
-92.364,14.423,24,2.0151121,6.7
73.824,39.533,27.4,2.0151121,6.7
83.52,30.901,12,2.0151121,6.7
99.808,-2.245,25,2.0151121,6.7
-70.182,-22.954,45,2.0151121,6.7
100.141,-1.999,30,2.0151121,6.7
-179.971,51.307,21,2.0151121,6.7
154.635,-7.979,18,2.0151121,6.7
-90.618,13.554,23,2.0151121,6.7
136.588,37.336,8,2.0151121,6.7
126.976,-1.034,12,2.0151121,6.7
154.726,46.483,10,2.0151121,6.7
-76.677,-13.457,23,2.0151121,6.7
150.982,-5.881,32,2.0151121,6.7
-155.935,19.878,38.9,2.0151121,6.7
-71.022,-27.017,12,2.0151121,6.7
127.214,-3.595,30.1,2.0151121,6.7
-178.39,-17.747,597.5,2.0151121,6.7
23.212,36.311,66,2.0151121,6.7
-178.571,-15.265,10,2.0151121,6.7
97.082,1.819,21,2.0151121,6.7
98.459,0.587,34,2.0151121,6.7
170.612,-21.975,68,2.0151121,6.7
99.607,-1.644,19,2.0151121,6.7
167.259,-14.252,206.3,2.0151121,6.7
92.304,5.099,11.7,2.0151121,6.7
162.208,-11.128,10,2.0151121,6.7
-128.772,49.277,10,2.0151121,6.7
122.694,24.53,94,2.0151121,6.7
122.839,-9.362,65.8,2.0151121,6.7
135.339,-3.665,25.7,2.0151121,6.7
127.4,-3.12,17.4,2.0151121,6.7
-174.196,-16.83,129.8,2.0151121,6.7
169.835,-21.672,10,2.0151121,6.7
165.78,55.538,10,2.0151121,6.7
144.57,42.648,32,2.0151121,6.7
87.721,50.211,10,2.0151121,6.7
-58.633,18.266,41.5,2.0151121,6.7
-178.232,-30.531,62.4,2.0151121,6.7
153.701,-5.311,71.9,2.0151121,6.7
153.275,-4.786,34,2.0151121,6.7
133.973,-1.511,10,2.0151121,6.7
166.383,-12.592,33,2.0151121,6.7
-70.586,-27.535,62,2.0151121,6.7
142.427,-3.212,11,2.0151121,6.7
178.982,-37.137,18,2.0151121,6.7
-123.422,-55.537,10,2.0151121,6.7
-71.649,-17.745,24,2.0151121,6.7
148.393,44.268,33,2.0151121,6.7
155.865,-7.41,17,2.0151121,6.7
-73.109,-32.668,11,2.0151121,6.7
170.207,-21.986,10,2.0151121,6.7
133.134,35.456,10,2.0151121,6.7
101.905,-4.612,33,2.0151121,6.7
102.102,-4.646,33,2.0151121,6.7
-88.33,15.782,10,2.0151121,6.7
129.022,-6.954,33,2.0151121,6.7
-88.038,11.663,54.6,2.0151121,6.7
138.901,-2.693,33,2.0151121,6.7
119.584,0.207,33,2.0151121,6.7
-74.874,-40.316,9,2.0151121,6.7
163.107,-50.008,10,2.0151121,6.7
-179.376,-15.848,23.4,2.0151121,6.7
-68.788,-13.74,586,2.0151121,6.7
-60.892,11.112,5,2.0151121,6.7
179.533,51.277,33,2.0151121,6.7
-30.039,0.87,10,2.0151121,6.7
131.314,31.789,49.2,2.0151121,6.7
131.468,31.885,22,2.0151121,6.7
-173.126,-15.267,41.2,2.0151121,6.7
159.119,51.568,20,2.0151121,6.7
167.13,-13.481,200.1,2.0151121,6.7
167.297,-14.705,164.4,2.0151121,6.7
138.944,28.983,477.2,2.0151121,6.7
-86.772,11.905,33,2.0151121,6.7
142.38,37.353,40.8,2.0151121,6.7
-71.417,-28.906,19.9,2.0151121,6.7
151.515,-4.836,127.9,2.0151121,6.7
154.766,-61.673,10,2.0151121,6.7
-76.917,-3.792,97,2.0151121,6.7
127.438,-1.318,14.2,2.0151121,6.7
179.339,-25.778,518.7,2.0151121,6.7
149.167,45.749,116.6,2.0151121,6.7
167.249,-16.812,33,2.0151121,6.7
154.12,-5.702,28,2.0151121,6.7
154.934,-6.47,26.3,2.0151121,6.7
-128.798,-10.786,15,2.0151121,6.7
-118.537,34.213,18.202,2.0151121,6.7
145.99,-5.909,30.4,2.0151121,6.7
-98.717,16.755,20.7,2.0151121,6.7
179.846,-23.866,523.1,2.0151121,6.7
172.957,-20.836,12.6,2.0151121,6.7
-176.893,-28.678,10.7,2.0151121,6.7
-70.918,-26.708,28.9,2.0151121,6.7
163.386,-11.062,25.3,2.0151121,6.7
-26.205,-59.274,61,2.0151121,6.7
-179.703,-15.727,9.7,2.0151121,6.7
-76.806,6.845,14.3,2.0151121,6.7
129.118,1.289,27.7,2.0151121,6.7
112.138,-6.046,624.6,2.0151121,6.7
5.523,78.562,10,2.0151121,6.7
-172.367,-16.524,15,2.0151121,6.7
-130.092,50.724,19.7,2.0151121,6.7
39.605,39.71,27.2,2.0151121,6.7
147.576,-6.191,38.5,2.0151121,6.7
139.405,27.983,498.5,2.0151121,6.7
122.631,0.972,12.4,2.0151121,6.7
71.119,36.334,212.9,2.0151121,6.7
139.585,28.08,433.1,2.0151121,6.7
-175.521,-15.008,16,2.0151121,6.7
-175.45,58.427,20.2,2.0151121,6.7
121.627,23.722,10,2.0151121,6.7
97.457,3.908,48.4,2.0151121,6.7
167.079,-13.559,176,2.0151121,6.7
161.997,-11.164,29.1,2.0151121,6.7
145.966,-3.406,38.3,2.0151121,6.7
123.34,0.141,151,2.0151121,6.7
125.129,-8.081,9.8,2.0151121,6.7
130.556,-3.162,46.6,2.0151121,6.7
150.12,-3.527,33,2.0151121,6.7
137.431,30.245,485.1,2.0151121,6.7
-71.092,-27.26,32.5,2.0151121,6.7
167.051,-13.112,171.6,2.0151121,6.7
-110.996,26.856,10,2.0151121,6.7
167.599,-45.003,82.7,2.0151121,6.7
-60.587,10.402,56.2,2.0151121,6.7
-69.785,-20.833,70.3,2.0151121,6.7
133.882,-19.829,5,2.0151121,6.7
140.214,35.362,62.9,2.0151121,6.7
124.155,-8.247,33,2.0151121,6.7
-66.529,-23.052,199,2.0151121,6.7
-108.285,-26.999,10,2.0151121,6.7
126.701,7.09,24.7,2.0151121,6.7
141.573,37.155,30.3,2.0151121,6.7
141.796,37.363,29.4,2.0151121,6.7
131.837,32.034,54,2.0151121,6.7
167.929,-14.998,14.5,2.0151121,6.7
165.204,-11.037,18.8,2.0151121,6.7
146.301,19.376,47.7,2.0151121,6.7
138.696,-2.488,29,2.0151121,6.7
-124.266,62.237,10,2.0151121,6.7
159.854,-9.829,31.9,2.0151121,6.7
-173.516,-15.289,33,2.0151121,6.7
-71.653,-33.198,42.2,2.0151121,6.7
-71.551,-32.633,33,2.0151121,6.7
119.727,-1.964,43.5,2.0151121,6.7
163.46,56.194,33,2.0151121,6.7
-178.032,-18.785,451.4,2.0151121,6.7
-126.831,40.503,10,2.0151121,6.7
111.298,-5.788,533.5,2.0151121,6.7
38.944,-43.548,10,2.0151121,6.7
-155.454,19.43,12,2.0151121,6.7
-70.518,-26.135,16.1,2.0151121,6.7
-177.476,-16.636,33,2.0151121,6.7
122.402,24.176,44.1,2.0151121,6.7
139.099,41.346,9.9,2.0151121,6.7
152.509,-4.805,71.6,2.0151121,6.7
-120.312,36.2316667,9.578,2.0151121,6.7
57.52,11.429,10,2.0151121,6.7
-175.451,-21.466,68,2.0151121,6.7
126.566,5.346,41,2.0151121,6.7
127.924,-4.056,16.9,2.0151121,6.7
147.046,-5.458,234.9,2.0151121,6.7
-74.699,-10.599,14,2.0151121,6.7
-20.877,-60.597,10,2.0151121,6.7
142.361,42.158,44,2.0151121,6.7
142.557,26.823,22.2,2.0151121,6.7
170.635,-22.504,29.8,2.0151121,6.7
57.715,29.913,33,2.0151121,6.7
22.934,38.222,33,2.0151121,6.7
169.377,-21.743,29.9,2.0151121,6.7
139.232,-4.576,33,2.0151121,6.7
28.796,-51.422,10,2.0151121,6.7
170.025,-21.982,33,2.0151121,6.7
170.165,-21.989,33,2.0151121,6.7
166.338,-13.101,48,2.0151121,6.7
166.004,-12.689,33,2.0151121,6.7
-177.297,-23.466,79,2.0151121,6.7
171.357,-22.673,38,2.0151121,6.7
-27.78,38.815,10,2.0151121,6.7
-157.162,55.453,33,2.0151121,6.7
59.472,33.897,33,2.0151121,6.7
146.581,44.592,91,2.0151121,6.7
-179.213,51.232,25,2.0151121,6.7
167.319,-14.521,160,2.0151121,6.7
116.685,-11.36,33,2.0151121,6.7
149.002,44.026,33,2.0151121,6.7
-175.952,51.659,33,2.0151121,6.7
173.084,-27.914,33,2.0151121,6.7
158.602,-53.863,33,2.0151121,6.7
160.323,-9.828,33,2.0151121,6.7
170.032,53.566,33,2.0151121,6.7
-129.292,48.802,10,2.0151121,6.7
104.181,32.492,33,2.0151121,6.7
-78.47,7.337,22,2.0151121,6.7
-79.804,0.782,9,2.0151121,6.7
53.69,70.843,0,2.0151121,6.7
-26.772,0.898,33,2.0151121,6.7
66.315,30.251,11,2.0151121,6.7
40.723,38.474,26,2.0151121,6.7
154.651,-6.58,50,2.0151121,6.7
26.139,40.418,5,2.0151121,6.7
54.063,70.817,0,2.0151121,6.7
146.651,43.176,43,2.0151121,6.7
94.034,45.136,33,2.0151121,6.7
-71.478,-32.518,33,2.0151121,6.7
-137.33,57.84,33,2.0151121,6.7
-13.394,-58.302,33,2.0151121,6.7
-106.788,18.827,20,2.0151121,6.7
-71.699,-30.466,45,2.0151121,6.7
166.214,-13.102,10,2.0151121,6.7
120.28,20.981,25,2.0151121,6.7
166.429,-13.384,35,2.0151121,6.7
171.68,-14.571,10,2.0151121,6.7
-77.66,-1.671,171.6,2.0151121,6.7
161.395,-10.436,30,2.0151121,6.7
140.175,29.773,184.6,2.0151121,6.7
135.544,-3.428,35,2.0151121,6.7
55.885,37.733,15,2.0151121,6.7
47.14,43.191,15,2.0151121,6.7
-142.683,59.702,15,2.0151121,6.7
119.364,0.288,25,2.0151121,6.7
121.952,12.584,15,2.0151121,6.7
-104.189,6.843,10,2.0151121,6.7
-179.222,51.207,34.2,2.0151121,6.7
-109.424,25.035,15,2.0151121,6.7
134.555,38.502,398.1,2.0151121,6.7
28.546,38.515,10,2.0151121,6.7
-179.498,-21.882,593.5,2.0151121,6.7
-150.072,65.393,10,2.0151121,6.7
142.676,42.035,58.3,2.0151121,6.7
128.49,25.637,15,2.0151121,6.7
120.094,-1.916,35,2.0151121,6.7
129.445,29.938,160.1,2.0151121,6.7
158.542,-9.213,27.5,2.0151121,6.7
-68.311,-21.362,114.7,2.0151121,6.7
20.532,41.386,20,2.0151121,6.7
144.316,43.523,30,2.0151121,6.7
-63.23,-27.623,580.4,2.0151121,6.7
-177.33,-24.719,143.6,2.0151121,6.7
101.313,-0.897,179.3,2.0151121,6.7
96.286,5.121,50,2.0151121,6.7
112.225,-5.972,598,2.0151121,6.7
151.188,45.527,40,2.0151121,6.7
145.978,22.232,10,2.0151121,6.7
-27.199,-60.244,20,2.0151121,6.7
167.132,-12.191,241.6,2.0151121,6.7
-179.093,-21.149,625,2.0151121,6.7
80.487,31.525,20,2.0151121,6.7
-107.176,18.919,25,2.0151121,6.7
-71.139,-9.031,593.8,2.0151121,6.7
145.389,44.12,170,2.0151121,6.7
128.227,28.952,197.6,2.0151121,6.7
-68.82,-18.954,124,2.0151121,6.7
128.493,-5.714,330,2.0151121,6.7
121.248,22.336,68.4,2.0151121,6.7
-122.406,47.288,64.7,2.0151121,6.7
151.819,-5.514,14.8,2.0151121,6.7
166.629,-13.405,35,2.0151121,6.7
-179.713,-22.103,589.2,2.0151121,6.7
126.557,78.035,15,2.0151121,6.7
-71.539,-26.43,15,2.0151121,6.7
147.063,43.527,48.6,2.0151121,6.7
-152.79,56.489,18.6,2.0151121,6.7
-26.064,-56.529,35,2.0151121,6.7
96.993,35.613,20,2.0151121,6.7
149.598,-6.163,35,2.0151121,6.7
126.874,27.146,50,2.0151121,6.7
168.6,54.016,22.8,2.0151121,6.7
70.412,36.458,216.2,2.0151121,6.7
-75.84,-43.789,25,2.0151121,6.7
150.244,44.934,31.6,2.0151121,6.7
163.396,-49.867,15,2.0151121,6.7
141.741,36.202,30,2.0151121,6.7
130.761,-7.508,35,2.0151121,6.7
-74.783,-39.964,25,2.0151121,6.7
150.032,-6.19,25,2.0151121,6.7
-75.985,-44.808,20,2.0151121,6.7
167.433,-16.97,10,2.0151121,6.7
20.568,37.844,15,2.0151121,6.7
151.172,45.782,61.8,2.0151121,6.7
161.564,-10.658,35,2.0151121,6.7
47.867,34.29,15,2.0151121,6.7
161.922,53.533,26,2.0151121,6.7
126.216,10.317,20,2.0151121,6.7
-167.889,52.67,20,2.0151121,6.7
-168.396,52.319,20,2.0151121,6.7
120.713,13.498,90.4,2.0151121,6.7
145.009,18.8,370.1,2.0151121,6.7
156.805,50.722,53.3,2.0151121,6.7
101.78,26.467,10,2.0151121,6.7
-90.94,13.671,44.8,2.0151121,6.7
137.493,-2.945,41.3,2.0151121,6.7
-177.666,-20.955,360.2,2.0151121,6.7
-179.788,51.511,30.4,2.0151121,6.7
-179.838,51.415,20,2.0151121,6.7
139.925,27.664,487,2.0151121,6.7
145.776,18.947,189,2.0151121,6.7
118.986,-8.128,20,2.0151121,6.7
1.594,36.274,15,2.0151121,6.7
22.162,39.228,10,2.0151121,6.7
153.275,-4.495,35,2.0151121,6.7
165.278,-48.707,15,2.0151121,6.7
141.451,34.26,25,2.0151121,6.7
159.725,52.827,23.7,2.0151121,6.7
161.217,53.031,20,2.0151121,6.7
-84.228,8.984,15,2.0151121,6.7
99.797,22.565,10,2.0151121,6.7
145.53,42.117,15,2.0151121,6.7
124.821,22.85,20,2.0151121,6.7
121.282,23.769,25,2.0151121,6.7
131.304,29.796,35,2.0151121,6.7
124.027,-8.931,35,2.0151121,6.7
134.754,33.504,25,2.0151121,6.7
155.078,-6.424,65,2.0151121,6.7
169.457,-20.489,35,2.0151121,6.7
169.509,-20.517,35,2.0151121,6.7
122.467,10.6,25,2.0151121,6.7
-71.587,-8.144,570.41,2.1381376,6.8
-178.9273,-17.8735,540,2.1381376,6.8
20.5565,37.5203,14,2.1381376,6.8
-129.289,49.3346,10,2.1381376,6.8
-63.0058,-20.6588,559,2.1381376,6.8
153.1996,-4.3762,22.86,2.1381376,6.8
-173.1682,-15.3197,10,2.1381376,6.8
-90.9718,13.7174,38.12,2.1381376,6.8
170.9196,54.0312,5,2.1381376,6.8
167.3767,-14.5884,169,2.1381376,6.8
148.8871,-6.0033,42,2.1381376,6.8
152.7915,-3.6849,476,2.1381376,6.8
94.569,20.9228,82,2.1381376,6.8
158.4217,-8.8994,12.59,2.1381376,6.8
-71.4519,-30.8796,46,2.1381376,6.8
163.2154,-11.1093,10,2.1381376,6.8
164.1694,-10.8759,11,2.1381376,6.8
142.0317,38.9056,35,2.1381376,6.8
151.7773,-5.2005,44,2.1381376,6.8
168.52,-17.0309,219.96,2.1381376,6.8
126.5751,1.9604,39,2.1381376,6.8
-73.5714,-14.598,101,2.1381376,6.8
8.722,-53.4967,11.18,2.1381376,6.8
-125.1338333,40.8286667,16.441,2.1381376,6.8
154.931,-6.4456,35,2.1381376,6.8
65.5052,27.1825,12,2.1381376,6.8
145.288,18.728,602.2,2.1381376,6.8
165.969,-10.838,12,2.1381376,6.8
-70.653,-28.094,45,2.1381376,6.8
95.885,23.005,13.7,2.1381376,6.8
-10.605,71.441,14,2.1381376,6.8
147.117,-5.462,198,2.1381376,6.8
138.072,31.456,365.3,2.1381376,6.8
168.226,-20.244,11,2.1381376,6.8
161.2,-10.375,79,2.1381376,6.8
139.187,28.349,470,2.1381376,6.8
100.991,-3.762,26,2.1381376,6.8
157.551,-9.019,15.4,2.1381376,6.8
-14.695,-58.173,13,2.1381376,6.8
-174.035,-20.708,18,2.1381376,6.8
129.782,29.218,34,2.1381376,6.8
165.91,-13.298,35,2.1381376,6.8
166.086,-12.39,21,2.1381376,6.8
122.371,4.079,574,2.1381376,6.8
-176.924,-31.232,18,2.1381376,6.8
143.754,41.892,25,2.1381376,6.8
141.464,39.802,108,2.1381376,6.8
143.181,12.516,76,2.1381376,6.8
-23.433,-57.335,14,2.1381376,6.8
147.098,-5.757,53,2.1381376,6.8
-77.838,-2.312,122.9,2.1381376,6.8
-70.237,-22.925,26,2.1381376,6.8
101.02,-3.899,21,2.1381376,6.8
167.553,-44.796,18,2.1381376,6.8
153.5,-4.99,40,2.1381376,6.8
-77.963,2.966,15,2.1381376,6.8
134.85,36.808,350.4,2.1381376,6.8
-63.283,-26.052,572,2.1381376,6.8
155.512,-6.759,38,2.1381376,6.8
167.789,-15.798,150,2.1381376,6.8
97.05,0.093,12,2.1381376,6.8
29.83,-6.224,22,2.1381376,6.8
-67.895,-22.361,147,2.1381376,6.8
179.314,51.239,17,2.1381376,6.8
95.592,2.908,36,2.1381376,6.8
-21.194,-0.878,10,2.1381376,6.8
-81.409,18.958,10,2.1381376,6.8
145.228,42.9,35,2.1381376,6.8
162.161,-10.951,36,2.1381376,6.8
-134.5324,55.0721,19.9,2.1381376,6.8
169.314,-22.273,10,2.1381376,6.8
121.362,23.039,10,2.1381376,6.8
139.248,47.151,470.3,2.1381376,6.8
-71.637,-30.608,33,2.1381376,6.8
3.634,36.964,12,2.1381376,6.8
153.238,-4.694,40.2,2.1381376,6.8
-100.865,16.985,24.9,2.1381376,6.8
159.53,-9.613,16,2.1381376,6.8
122.734,23.954,14,2.1381376,6.8
-155.116,59.025,131.3,2.1381376,6.8
132.526,34.083,50,2.1381376,6.8
-122.7266667,47.149,51.798,2.1381376,6.8
126.899,6.631,33,2.1381376,6.8
49.946,40.245,50.4,2.1381376,6.8
151.771,-5.228,33,2.1381376,6.8
-29.876,-55.627,10,2.1381376,6.8
105.63,-6.549,38,2.1381376,6.8
127.394,-4.11,16,2.1381376,6.8
142.246,48.786,10,2.1381376,6.8
146.837,43.046,61.1,2.1381376,6.8
-176.46,-21.422,164.2,2.1381376,6.8
-72.662,-16.66,87.2,2.1381376,6.8
-176.376,-21.632,144.3,2.1381376,6.8
126.764,5.41,50,2.1381376,6.8
-33.677,52.718,10,2.1381376,6.8
178.336,-26.569,624.7,2.1381376,6.8
-75.749,3.849,198.7,2.1381376,6.8
-71.872,-30.058,19,2.1381376,6.8
169.287,-20.438,57,2.1381376,6.8
42.686,-42.504,10,2.1381376,6.8
179.998,-31.16,369.4,2.1381376,6.8
155.568,-7.133,24,2.1381376,6.8
32.126,34.556,33,2.1381376,6.8
121.498,21.898,20,2.1381376,6.8
-100.965,17.6,18.3,2.1381376,6.8
178.695,51.221,20.4,2.1381376,6.8
130.148,28.094,19.7,2.1381376,6.8
101.436,-2.045,33,2.1381376,6.8
99.196,21.966,12.5,2.1381376,6.8
153.93,-3.959,386,2.1381376,6.8
-3.361,-55.945,10,2.1381376,6.8
-21.996,-0.893,12.2,2.1381376,6.8
125.396,12.39,24.1,2.1381376,6.8
125.92,12.047,27.4,2.1381376,6.8
125.564,11.925,17.4,2.1381376,6.8
151.283,45.928,23.1,2.1381376,6.8
134.476,-4.434,22.3,2.1381376,6.8
127.98,-1.258,16.6,2.1381376,6.8
118.711,22.528,13.1,2.1381376,6.8
171.658,-42.963,13.6,2.1381376,6.8
-76.057,2.917,12.1,2.1381376,6.8
135.97,-3.176,23.2,2.1381376,6.8
125.891,0.425,15.9,2.1381376,6.8
-92.713,14.523,26.5,2.1381376,6.8
122.45,19.914,168.6,2.1381376,6.8
128.204,4.015,23.6,2.1381376,6.8
-19.318,-0.564,27.1,2.1381376,6.8
166.711,-14.537,25,2.1381376,6.8
-77.872,19.613,23.1,2.1381376,6.8
166.318,-15.894,9.6,2.1381376,6.8
151.176,45.253,27.2,2.1381376,6.8
126.371,8.361,35.9,2.1381376,6.8
78.774,30.78,10.3,2.1381376,6.8
-70.701,-16.506,127.7,2.1381376,6.8
-174.161,-20.467,13.3,2.1381376,6.8
92.249,-2.211,32.2,2.1381376,6.8
-86.301,11.426,52.5,2.1381376,6.8
124.694,9.755,25.9,2.1381376,6.8
-179.028,51.314,19.6,2.1381376,6.8
121.384,-8.048,13.8,2.1381376,6.8
159.185,49.488,16.4,2.1381376,6.8
-177.885,-29.915,30.5,2.1381376,6.8
44.185,40.987,5.4,2.1381376,6.8
175.018,-22.239,21.8,2.1381376,6.8
167.293,-14.88,124.8,2.1381376,6.8
148.78,-5.964,53.4,2.1381376,6.8
47.989,-37.319,10,2.1381376,6.8
127.688,4.817,152.9,2.1381376,6.8
138.364,-2.323,33,2.1381376,6.8
168.058,-18.411,30.7,2.1381376,6.8
159.005,-59.538,33,2.1381376,6.8
147.693,49.282,542,2.1381376,6.8
139.232,46.736,430,2.1381376,6.8
-179.898,51.272,20.1,2.1381376,6.8
-179.304,-32.793,10,2.1381376,6.8
126.167,0.67,32.2,2.1381376,6.8
141.689,36.988,47.7,2.1381376,6.8
142.85,42.565,102,2.1381376,6.8
-169.381,52.448,33,2.1381376,6.8
-77.411,-3.342,105.7,2.1381376,6.8
153.616,-5.03,40.9,2.1381376,6.8
126.525,1.904,27.6,2.1381376,6.8
-152.914,56.331,16.7,2.1381376,6.8
-179.079,-21.819,583.4,2.1381376,6.8
163.843,55.172,14.8,2.1381376,6.8
139.309,-2.394,33,2.1381376,6.8
148.783,-6.291,49.3,2.1381376,6.8
177.512,-36.663,39.3,2.1381376,6.8
171.284,-14.312,33,2.1381376,6.8
141.5,34.006,47.6,2.1381376,6.8
168.85,-18.903,182.4,2.1381376,6.8
42.187,40.33,11.6,2.1381376,6.8
24.766,40.142,2.4,2.1381376,6.8
93.582,12.942,78,2.1381376,6.8
140.36,29.325,175.8,2.1381376,6.8
-82.68,6.718,10,2.1381376,6.8
166.015,-10.861,36,2.1381376,6.8
24.319,40.004,10,2.1381376,6.8
-177.61,-29.97,28,2.1381376,6.8
-71.336,-32.199,65.2,2.1381376,6.8
60.839,-29.682,10,2.1381376,6.8
101.098,30.927,33,2.1381376,6.8
-129.496,49.479,10,2.1381376,6.8
126.657,9.475,54,2.1381376,6.8
-90.881,13.833,58,2.1381376,6.8
94.245,1.193,27,2.1381376,6.8
126.933,2.963,37,2.1381376,6.8
72.615,39.349,40,2.1381376,6.8
142.661,24.274,33,2.1381376,6.8
149.737,44.343,33,2.1381376,6.8
148.971,44.209,46,2.1381376,6.8
143.112,25.51,33,2.1381376,6.8
125.3,-8.062,25,2.1381376,6.8
-175.9,-22.878,65,2.1381376,6.8
126.375,8.478,60,2.1381376,6.8
122.939,7.249,22,2.1381376,6.8
-177.837,-29.934,35,2.1381376,6.8
-177.873,-29.887,33,2.1381376,6.8
155.312,-6.736,47,2.1381376,6.8
78.43,32.455,33,2.1381376,6.8
99.043,-2.308,33,2.1381376,6.8
104.015,28.243,11,2.1381376,6.8
169.751,-19.912,39,2.1381376,6.8
55.161,73.302,0,2.1381376,6.8
-18.027,-0.189,33,2.1381376,6.8
-96.598,18.267,84,2.1381376,6.8
149.993,-6.868,43,2.1381376,6.8
131.116,-6.305,35,2.1381376,6.8
125.544,-7.432,390,2.1381376,6.8
153.582,49.019,138.9,2.1381376,6.8
174.903,-17.021,10,2.1381376,6.8
167.246,-15.582,45,2.1381376,6.8
154.136,-5.931,45,2.1381376,6.8
146.636,-6.516,110.8,2.1381376,6.8
141.18,46.399,17.5,2.1381376,6.8
175.868,51.595,25,2.1381376,6.8
126.451,6.754,50,2.1381376,6.8
-177.219,-25.946,70,2.1381376,6.8
178.782,-34.85,199.4,2.1381376,6.8
-45.741,15.291,10,2.1381376,6.8
148.724,43.948,19.3,2.1381376,6.8
148.424,43.789,29.3,2.1381376,6.8
148.187,43.584,30,2.1381376,6.8
160.309,-52.744,15,2.1381376,6.8
127.374,4.738,35,2.1381376,6.8
148.758,-6.024,35,2.1381376,6.8
132.192,33.231,45.7,2.1381376,6.8
-77.086,-5.61,15,2.1381376,6.8
132.136,32.241,30,2.1381376,6.8
120.265,-8.875,30.6,2.1381376,6.8
122.218,24.401,71.1,2.1381376,6.8
153.959,-5.631,25,2.1381376,6.8
-73.032,6.747,161.2,2.1381376,6.8
96.463,13.555,30,2.1381376,6.8
-169.603,52.45,35,2.1381376,6.8
167.045,-13.954,125,2.1381376,6.8
41.572,39.235,24.7,2.1381376,6.8
179.778,51.826,15,2.1381376,6.8
161.149,-10.061,45,2.1381376,6.8
139.593,11.323,35,2.1381376,6.8
115.061,37.545,20,2.1381376,6.8
178.166,49.937,19.7,2.1381376,6.8
141.361,36.27,35,2.1381376,6.8
152.116,-5.36,51,2.1381376,6.8
-171.289,51.05,21.4,2.1381376,6.8
22.405,38.365,75,2.1381376,6.8
150.703,-6.029,35,2.1381376,6.8
150.701,-5.773,55,2.1381376,6.8
93.798,28.065,25,2.1381376,6.8
28.206,40.203,27.4,2.1381376,6.8
153.851,47.112,30,2.1381376,6.8
144.329,-5.1,108,2.1381376,6.8
-154.444,56.325,18.4,2.1381376,6.8
127.948,-6.405,359.1,2.1381376,6.8
-37.414,7.646,20,2.1381376,6.8
-177.868,-26.465,181.3,2.1381376,6.8
-178.17,-30.685,65,2.1381376,6.8
169.084,-18.984,142.9,2.1381376,6.8
-28.599,-55.61,25,2.1381376,6.8
-82.297,7.514,30,2.1381376,6.8
-67.914,-23.167,124.8,2.1381376,6.8
-99.726,16.872,25,2.1381376,6.8
136.712,36.088,15,2.1381376,6.8
77.841,39.857,20,2.1381376,6.8
166.111,-12.331,15,2.1381376,6.8
160.914,-51.964,15,2.1381376,6.8
104.521,43.099,20,2.1381376,6.8
-168.865,51.252,22.1,2.1381376,6.8
129.89,40.09,607.5,2.1381376,6.8
142.335,40.341,53.4,2.1381376,6.8
-73.149,-37.86,25,2.1381376,6.8
-176.778,-28.572,35,2.1381376,6.8
-69.958,-33.832,15,2.1381376,6.8
159.935,53.538,43,2.1381376,6.8
144.83,-3.32,30,2.1381376,6.8
-79.428,0.801,25,2.1381376,6.8
143.317,38.305,10,2.1381376,6.8
-79.543,1.153,27.5,2.1381376,6.8
121.517,23.655,30,2.1381376,6.8
-175.201,51.534,19.1,2.1381376,6.8
-166.949,53.312,25,2.1381376,6.8
-175.135,51.518,15,2.1381376,6.8
-176.981,51.093,15,2.1381376,6.8
-171.345,52.925,104.1,2.1381376,6.8
-70.036,-25.552,44.9,2.1381376,6.8
126.245,-6.856,450.8,2.1381376,6.8
95.781,22.178,34.3,2.1381376,6.8
-116.2308333,31.8321667,6,2.1381376,6.8
-167.701,53.141,17.6,2.1381376,6.8
-125.711,40.447,10,2.1381376,6.8
165.977,-10.658,35,2.1381376,6.8
105.447,-6.624,60,2.1381376,6.8
142.692,-5.702,15,2.1381376,6.8
-86.818,11.775,35,2.1381376,6.8
-87.009,11.541,35,2.1381376,6.8
164.903,-48.691,35,2.1381376,6.8
159.93,52.28,35,2.1381376,6.8
-92.228,13.486,25,2.1381376,6.8
-107.211,22.485,10,2.1381376,6.8
20.942,38.182,10,2.1381376,6.8
123.992,-8.462,25,2.1381376,6.8
123.897,-8.552,25,2.1381376,6.8
164.23,-10.946,25,2.1381376,6.8
155.398,49.205,49.2,2.1381376,6.8
151.922,-5.423,21.2,2.1381376,6.8
-154.056,56.304,20,2.1381376,6.8
145.014,-4.588,52.1,2.1381376,6.8
153.723,46.65,27,2.1381376,6.8
149.28,-50.652,15,2.1381376,6.8
-47.219,14.173,17.5,2.1381376,6.8
-177.295,-17.634,400.4,2.1381376,6.8
-70.949,-8.27,646,2.1381376,6.8
-179.3728,-31.7447,115,2.2667121,6.9
116.6272,-8.319,21,2.2667121,6.9
116.4375,-8.2581,34,2.2667121,6.9
-154.9996667,19.3181667,5.81,2.2667121,6.9
151.4999,-5.5321,35,2.2667121,6.9
-92.0092,14.9091,93,2.2667121,6.9
125.0658,5.5043,26,2.2667121,6.9
-72.0617,-33.0375,28,2.2667121,6.9
-178.8036,-23.2593,414.5,2.2667121,6.9
176.0518,-19.3733,12,2.2667121,6.9
161.1316,-10.749,19.73,2.2667121,6.9
-88.8968,11.9097,10,2.2667121,6.9
141.387,37.3931,9,2.2667121,6.9
-178.2443,-19.7819,596.4,2.2667121,6.9
-178.2038,-21.9724,405.69,2.2667121,6.9
-79.616,0.4947,29.95,2.2667121,6.9
94.8654,23.0944,136,2.2667121,6.9
166.8551,-14.3235,26,2.2667121,6.9
129.5079,-4.1064,21,2.2667121,6.9
-72.0585,-29.5097,10,2.2667121,6.9
-72.0068,-29.5067,12,2.2667121,6.9
-169.4458,52.376,29,2.2667121,6.9
163.6959,-11.0559,11.19,2.2667121,6.9
146.1688,0.8295,13,2.2667121,6.9
-178.4001,-19.8015,615.42,2.2667121,6.9
-92.4614,14.724,53,2.2667121,6.9
-28.3669,-55.4703,8,2.2667121,6.9
-177.7247,-29.9772,20,2.2667121,6.9
25.3889,40.2893,6.43,2.2667121,6.9
-70.9455,-19.8927,28.42,2.2667121,6.9
82.5864,35.9053,10,2.2667121,6.9
-47.0621,-60.2627,9.97,2.2667121,6.9
157.283,50.954,41,2.2667121,6.9
-77.393,1.135,145,2.2667121,6.9
143.092,42.77,107,2.2667121,6.9
144.944,40.887,12,2.2667121,6.9
125.621,27.324,224.9,2.2667121,6.9
-75.966,-14.438,24,2.2667121,6.9
88.155,27.73,50,2.2667121,6.9
-171.708,52.171,32,2.2667121,6.9
126.752,-6.362,469.8,2.2667121,6.9
99.822,20.687,8,2.2667121,6.9
-72.96,-36.422,26,2.2667121,6.9
141.474,12.487,16,2.2667121,6.9
150.428,-5.966,28,2.2667121,6.9
96.548,33.165,17,2.2667121,6.9
161.116,-10.878,21,2.2667121,6.9
-71.891,-34.29,11,2.2667121,6.9
130.703,42.587,577.7,2.2667121,6.9
130.385,-6.133,130,2.2667121,6.9
123.427,-7.146,642.4,2.2667121,6.9
-112.903,29.039,10,2.2667121,6.9
151.548,46.049,31,2.2667121,6.9
-173.819,-21.863,29,2.2667121,6.9
166.967,-13.501,110,2.2667121,6.9
140.881,39.03,7.8,2.2667121,6.9
141.526,36.164,27,2.2667121,6.9
125.63,13.351,24,2.2667121,6.9
21.67,36.501,29,2.2667121,6.9
-41.899,10.671,9,2.2667121,6.9
145.718,10.454,14,2.2667121,6.9
127.464,2.872,25,2.2667121,6.9
155.741,-7.306,10,2.2667121,6.9
169.354,-20.754,35,2.2667121,6.9
146.298,-54.74,11,2.2667121,6.9
120.493,21.974,10,2.2667121,6.9
-172.033,-16.592,28,2.2667121,6.9
97.041,1.989,30,2.2667121,6.9
-63.47,-24.983,579.1,2.2667121,6.9
163.706,-11.15,13,2.2667121,6.9
-28.976,-55.372,10,2.2667121,6.9
160.003,55.682,188.6,2.2667121,6.9
176.783,51.439,20,2.2667121,6.9
159.999,55.492,174.8,2.2667121,6.9
123.707,6.761,565.8,2.2667121,6.9
-71.738,-8.295,534.3,2.2667121,6.9
-176.937,-18.064,351.8,2.2667121,6.9
101.776,-4.022,28,2.2667121,6.9
165.354,-10.86,33,2.2667121,6.9
148.82,-5.978,47.5,2.2667121,6.9
-84.159,9.044,20,2.2667121,6.9
-177.668,51.587,33,2.2667121,6.9
159.52,52.056,56.6,2.2667121,6.9
-178.994,-30.487,129.5,2.2667121,6.9
-179.519,-22.227,586.1,2.2667121,6.9
-98.216,16.333,33,2.2667121,6.9
-179.382,-31.791,108.3,2.2667121,6.9
-107.35,18.993,33,2.2667121,6.9
127.647,7.742,10,2.2667121,6.9
78.133,35.345,33,2.2667121,6.9
-178.51,-20.412,590.8,2.2667121,6.9
-113.436,-22.118,10,2.2667121,6.9
161.445,-10.769,33,2.2667121,6.9
95.05,1.833,33,2.2667121,6.9
125.127,-8.378,11.2,2.2667121,6.9
148.004,44.072,28.8,2.2667121,6.9
125.656,12.011,20.1,2.2667121,6.9
135.109,-4.183,33,2.2667121,6.9
135.018,34.583,21.9,2.2667121,6.9
-63.096,-28.501,600.5,2.2667121,6.9
-63.252,-28.299,561.5,2.2667121,6.9
-92.428,15.994,164.2,2.2667121,6.9
104.302,-4.967,23.1,2.2667121,6.9
169.169,-18.773,205.7,2.2667121,6.9
-69.446,-13.339,596,2.2667121,6.9
125.995,0.486,14.5,2.2667121,6.9
146.02,-5.889,25.3,2.2667121,6.9
137.832,32.02,350.7,2.2667121,6.9
-178.669,51.374,32,2.2667121,6.9
-160.458,55.177,32.3,2.2667121,6.9
-178.864,-17.778,565.1,2.2667121,6.9
-13.562,-0.965,15.5,2.2667121,6.9
-142.846,57.589,13.6,2.2667121,6.9
143.33,39.419,28.6,2.2667121,6.9
159.886,52.915,38.6,2.2667121,6.9
-125.641,42.182,11,2.2667121,6.9
124.681,-8.099,28.8,2.2667121,6.9
122.533,-7.204,536.4,2.2667121,6.9
159.139,-9.929,10,2.2667121,6.9
70.423,35.993,142.4,2.2667121,6.9
-176.483,-21.568,180.5,2.2667121,6.9
166.385,-15.465,12.1,2.2667121,6.9
143.333,39.571,9.6,2.2667121,6.9
162.35,-11.022,24.7,2.2667121,6.9
-121.8798333,37.0361667,17.214,2.2667121,6.9
-99.328,16.773,19.2,2.2667121,6.9
169.002,-19.306,165.7,2.2667121,6.9
-174.761,-17.766,230.1,2.2667121,6.9
86.616,26.755,57.4,2.2667121,6.9
128.325,-7.501,86.3,2.2667121,6.9
167.43,55.149,33,2.2667121,6.9
-143.27,58.586,10,2.2667121,6.9
120.301,16.066,107,2.2667121,6.9
-167.291,53.47,10,2.2667121,6.9
167.891,-15.854,233.6,2.2667121,6.9
-124.239,62.222,6,2.2667121,6.9
-178.656,-34.693,51.6,2.2667121,6.9
128.507,-0.953,33,2.2667121,6.9
131.945,32.386,46.2,2.2667121,6.9
-69.338,17.984,23.9,2.2667121,6.9
53.54,-36.46,10,2.2667121,6.9
52.419,-36.429,10,2.2667121,6.9
138.431,30.909,403.1,2.2667121,6.9
-63.172,-28.19,601.9,2.2667121,6.9
-113.857,44.058,10,2.2667121,6.9
-53.02,-60.889,10,2.2667121,6.9
102.604,21.4,33,2.2667121,6.9
94.722,5.723,78.5,2.2667121,6.9
-69.438,-18.268,146,2.2667121,6.9
151.143,44.679,33,2.2667121,6.9
-98.149,16.607,40.5,2.2667121,6.9
143.79,-3.558,33,2.2667121,6.9
166.421,-13.426,33,2.2667121,6.9
142.75,38.64,33,2.2667121,6.9
15.366,40.914,10,2.2667121,6.9
-167.67,52.969,33,2.2667121,6.9
-179.984,-16.76,33,2.2667121,6.9
107.709,-11.149,31,2.2667121,6.9
19.209,42.096,10,2.2667121,6.9
-72.658,-16.39,53,2.2667121,6.9
123.492,7.33,33,2.2667121,6.9
162.176,-11.23,33,2.2667121,6.9
122.403,8.249,24,2.2667121,6.9
137.609,32.005,439,2.2667121,6.9
122.361,16.882,33,2.2667121,6.9
56.393,27.609,29,2.2667121,6.9
104.157,32.752,16,2.2667121,6.9
169.274,-20.609,52,2.2667121,6.9
98.953,24.57,8,2.2667121,6.9
-71.337,-29.941,4,2.2667121,6.9
97.843,0.393,20,2.2667121,6.9
167.139,-15.023,33,2.2667121,6.9
-32.07,52.636,33,2.2667121,6.9
54.177,70.779,0,2.2667121,6.9
86.481,35.178,33,2.2667121,6.9
122.189,16.552,35,2.2667121,6.9
167.538,-15.963,51,2.2667121,6.9
122.067,22.638,28,2.2667121,6.9
-22.082,-0.773,20,2.2667121,6.9
40.653,38.934,10,2.2667121,6.9
-67.151,-23.804,183.7,2.2667121,6.9
151.009,51.604,535.6,2.2667121,6.9
145.396,-4.999,60,2.2667121,6.9
166.657,-14.057,45,2.2667121,6.9
122.064,15.136,22.5,2.2667121,6.9
29.57,39.098,25,2.2667121,6.9
126.181,1.138,26.9,2.2667121,6.9
119.572,38.31,10,2.2667121,6.9
-179.831,51.294,28.3,2.2667121,6.9
164.479,-10.407,10,2.2667121,6.9
-178.087,-30.725,50,2.2667121,6.9
170.596,-21.558,150,2.2667121,6.9
-171.301,50.513,19.7,2.2667121,6.9
68.588,29.988,25,2.2667121,6.9
151.592,-5.388,35,2.2667121,6.9
167.399,-15.817,30,2.2667121,6.9
167.097,-15.685,30,2.2667121,6.9
123.832,-7.22,586.3,2.2667121,6.9
129.768,-5.581,190,2.2667121,6.9
-155.853,55.703,20,2.2667121,6.9
169.957,-20.744,137.5,2.2667121,6.9
-78.089,-10.648,64.1,2.2667121,6.9
-35.877,7.367,15,2.2667121,6.9
153.544,46.57,25,2.2667121,6.9
154.66,48.622,30,2.2667121,6.9
-45.818,23.724,22.5,2.2667121,6.9
-19.824,66.218,10,2.2667121,6.9
145.145,19.089,635,2.2667121,6.9
122.124,24.078,35,2.2667121,6.9
147.697,43.823,38.1,2.2667121,6.9
-72.813,-39.071,25,2.2667121,6.9
159.953,54.101,10,2.2667121,6.9
122.6,24.802,118,2.2667121,6.9
134.439,-0.719,35,2.2667121,6.9
-81.686,-3.831,30,2.2667121,6.9
168.547,-15.344,35,2.2667121,6.9
98.577,45.273,30,2.2667121,6.9
-79.338,1.541,15,2.2667121,6.9
107.116,-4.509,596.3,2.2667121,6.9
-169.547,52.351,25,2.2667121,6.9
121.577,23.965,55,2.2667121,6.9
130.462,43.943,581,2.2667121,6.9
142.908,26.497,10,2.2667121,6.9
74.545,39.897,20,2.2667121,6.9
74.734,39.831,20,2.2667121,6.9
104.151,38.622,25,2.2667121,6.9
135.656,-3.637,10,2.2667121,6.9
156.532,50.645,56.3,2.2667121,6.9
157.58,50.632,30,2.2667121,6.9
143.525,41.831,49.5,2.2667121,6.9
-26.945,0.622,15,2.2667121,6.9
-156.28,55.802,20,2.2667121,6.9
169.551,-20.661,35,2.2667121,6.9
169.278,-20.515,35,2.2667121,6.9
101.134,51.639,35,2.2667121,6.9
-70.1267,-14.6844,257.42,2.401,7
126.9209,5.8983,60.21,2.401,7
151.2046,-5.7012,39,2.401,7
168.6715,-21.3246,10,2.401,7
179.1461,-37.3586,19,2.401,7
167.3786,-16.0429,24,2.401,7
130.7543,32.7906,10,2.401,7
-71.4262,-31.5622,28.41,2.401,7
138.5277,-2.6286,48,2.401,7
165.1409,-10.4012,11,2.401,7
-17.1605,-35.3639,10,2.401,7
122.5348,-7.2968,552.06,2.401,7
-110.8112,-32.1082,16.54,2.401,7
-55.0033,-53.9451,11.78,2.401,7
-175.2297,51.537,29,2.401,7
138.476,-3.517,66,2.401,7
165.588,-10.499,8.8,2.401,7
-113.104,28.696,13,2.401,7
169.716,-20.671,185.1,2.401,7
-74.525,-7.641,147,2.401,7
143.264,38.034,23,2.401,7
168.471,-20.628,9,2.401,7
-63.136,-26.803,576.8,2.401,7
133.76,-4.963,26,2.401,7
171.83,-43.522,12,2.401,7
150.765,-5.746,44,2.401,7
136.543,-2.174,18,2.401,7
-71.799,-34.326,18,2.401,7
128.425,25.93,25,2.401,7
-72.571,18.443,13,2.401,7
107.297,-7.782,46,2.401,7
-176.33,-27.424,25,2.401,7
-177.683,-29.756,36,2.401,7
142.214,37.552,22,2.401,7
-22.099,-58.227,8,2.401,7
99.627,-2.13,22,2.401,7
-34.371,-61.029,13,2.401,7
33.583,-21.324,11,2.401,7
144.896,38.107,11,2.401,7
145.119,43.006,39,2.401,7
-86.665,11.422,35,2.401,7
135.538,-3.615,16.6,2.401,7
142.619,37.812,10,2.401,7
128.855,2.354,31,2.401,7
141.568,38.849,68,2.401,7
177.5472,50.3298,5,2.401,7
150.196,-5.912,33,2.401,7
144.98,12.686,37,2.401,7
-153.211,57.078,33,2.401,7
54.799,39.566,30,2.401,7
153.945,-4.766,50,2.401,7
166.91,-15.421,23,2.401,7
-62.99,-28.307,608.5,2.401,7
-154.489,57.413,66,2.401,7
148.763,-6.351,33,2.401,7
88.976,-1.339,10,2.401,7
-97.436,18.386,70,2.401,7
153.235,-4.596,114.1,2.401,7
128.946,-6.92,33,2.401,7
141.926,-2.961,10,2.401,7
166.16,-11.04,110.2,2.401,7
99.261,-0.544,55.7,2.401,7
122.536,1.241,24,2.401,7
167.375,-15.145,123.1,2.401,7
-177.624,-28.683,30,2.401,7
-63.486,10.598,19.9,2.401,7
120.45,1,33,2.401,7
-42.254,10.797,10,2.401,7
-77.881,-2.75,24.4,2.401,7
142.175,40.246,26.9,2.401,7
-126.3028333,40.4055,4.972,2.401,7
-23.569,-1.278,10,2.401,7
169.361,-20.553,27.7,2.401,7
127.733,1.015,19.9,2.401,7
169.789,-20.23,33,2.401,7
158.647,51.934,34,2.401,7
166.927,-45.277,28.1,2.401,7
70.868,36.379,214.5,2.401,7
-66.543,-22.671,221,2.401,7
126.57,7.219,58.7,2.401,7
165.239,-11.122,18.8,2.401,7
-178.591,-20.878,566.4,2.401,7
-125.856,41.679,1.303,2.401,7
-72.187,-13.108,104.5,2.401,7
-176.218,-20.252,265.5,2.401,7
-161.606,54.567,28.4,2.401,7
122.957,1.156,33,2.401,7
43.673,42.453,17.2,2.401,7
126.48,8.87,23.9,2.401,7
95.901,23.613,19.7,2.401,7
-70.776,-10.97,598.8,2.401,7
26.668,45.841,89.3,2.401,7
-178.414,-30.523,43.8,2.401,7
133.667,-6.081,27.7,2.401,7
152.779,-6.526,16.6,2.401,7
-70.568,-24.71,33,2.401,7
154.371,-7.288,24.7,2.401,7
-66.205,-22.767,248.7,2.401,7
-70.701,-24.495,34.8,2.401,7
-26.916,-60.063,47.6,2.401,7
-102.973,18.404,26.5,2.401,7
166.185,-13.987,33,2.401,7
166.24,-14.043,33,2.401,7
75.224,39.431,6.8,2.401,7
120.61,15.344,188.4,2.401,7
126.411,1.622,50.7,2.401,7
63.35,40.32,14.5,2.401,7
118.806,-2.823,33,2.401,7
-91.924,14.066,67.1,2.401,7
62.054,27.793,64,2.401,7
-78.103,-4.843,104.2,2.401,7
-179.339,-30.383,238,2.401,7
20.228,38.026,14.3,2.401,7
165.931,-12.597,30.7,2.401,7
160.513,-51.225,10,2.401,7
-98.358,16.558,33.8,2.401,7
167.601,-17.26,30,2.401,7
171.742,-22.293,33,2.401,7
176.274,51.744,33,2.401,7
146.753,43.53,44,2.401,7
122.075,23.247,33,2.401,7
-85.222,10.204,56,2.401,7
-172.264,-17.098,33,2.401,7
122.327,16.773,37,2.401,7
-78.127,7.409,3,2.401,7
96.318,3.397,33,2.401,7
98.71,24.531,10,2.401,7
63.472,40.381,10,2.401,7
63.773,40.311,33,2.401,7
149.123,44.915,41,2.401,7
166.499,-12.519,54,2.401,7
102.198,-4.882,33,2.401,7
147.734,43.024,15,2.401,7
122.58,40.641,33,2.401,7
155.894,-7.461,34,2.401,7
-21.549,-60.823,33,2.401,7
122.787,13.372,33,2.401,7
168.949,-20.122,20,2.401,7
121.539,23.564,22.2,2.401,7
166.407,-13.248,35,2.401,7
130.603,-5.912,131,2.401,7
152.282,-5.116,40,2.401,7
153.868,-5.754,35,2.401,7
145.965,63.952,10,2.401,7
-177.318,51.396,24.2,2.401,7
102.285,-4.33,75,2.401,7
-61.377,-63.398,12.5,2.401,7
-176.974,51.409,28.9,2.401,7
98.711,0.653,30,2.401,7
163.377,-11.154,30,2.401,7
95.34,25.977,76.1,2.401,7
131.782,32.053,45,2.401,7
-74.07,-52.028,15,2.401,7
131.938,32.15,38.6,2.401,7
118.904,-3.201,15,2.401,7
143.238,44.985,244.7,2.401,7
158.888,-7.97,60,2.401,7
143.286,-3.33,15,2.401,7
143.07,39.503,32.1,2.401,7
150.219,44.822,28.3,2.401,7
-178.11,-30.799,55,2.401,7
164.009,-49.736,20,2.401,7
-79.674,-10.656,15,2.401,7
-71.274,-9.163,600.4,2.401,7
-34.14,52.812,10,2.401,7
-74.798,2.849,55,2.401,7
103.036,48.168,13.2,2.401,7
-15.611,-1.571,15,2.401,7
124.583,-7.24,531.8,2.401,7
-152.525,58.09,27.8,2.401,7
149.022,44.608,40.7,2.401,7
-70.679,-25.633,35,2.401,7
154.249,-5.557,388.3,2.401,7
138.969,40.328,20,2.401,7
95.374,5.57,60,2.401,7
108.045,-4.813,661.5,2.401,7
149.225,44.647,37.5,2.401,7
-178.684,-17.628,570,2.401,7
49.843,35.656,15,2.401,7
-99.741,16.96,25,2.401,7
131.683,29.692,30.6,2.401,7
77.712,39.762,35,2.401,7
-175.568,-28.866,30,2.401,7
141.815,36.226,30,2.401,7
-72.917,-38.154,25,2.401,7
143.316,39.635,15,2.401,7
-26.266,-59.935,25,2.401,7
156.328,-7.776,25,2.401,7
142.33,37.492,35,2.401,7
148.754,44.215,35,2.401,7
-72.242,-16.625,64,2.401,7
-153.964,55.869,15,2.401,7
-178.602,51.339,25,2.401,7
-80.213,-0.727,20,2.401,7
-175.241,-26.43,35,2.401,7
93.869,6.828,25.3,2.401,7
-71.935,-30.128,15,2.401,7
91.653,-9.101,20,2.401,7
162.851,-50.075,15,2.401,7
101.217,38.956,25,2.401,7
170.973,53.631,21.3,2.401,7
156.434,-8.229,15,2.401,7
126.493,-7.78,25,2.401,7
154.05,47.297,35,2.401,7
121.393,23.775,20,2.401,7
32.96,41.289,25,2.401,7
-26.3856,-58.5446,133,2.5411681,7.1
-149.9552,61.3464,46.7,2.5411681,7.1
170.1262,-22.0295,21.43,2.5411681,7.1
-70.8284,-11.0355,630,2.5411681,7.1
-74.7092,-15.7675,39,2.5411681,7.1
-98.4887,18.5499,48,2.5411681,7.1
-17.8255,-0.0456,10,2.5411681,7.1
-153.4051,59.6363,129,2.5411681,7.1
85.0913,-47.6165,35,2.5411681,7.1
167.3028,-14.8595,135,2.5411681,7.1
154.5567,-7.2175,10,2.5411681,7.1
-31.9016,52.6487,16.68,2.5411681,7.1
126.5217,1.8929,45,2.5411681,7.1
-177.7587,-19.6903,434,2.5411681,7.1
155.0485,-6.5858,60.53,2.5411681,7.1
144.6611,37.1557,35,2.5411681,7.1
124.1167,9.8796,19.04,2.5411681,7.1
-74.5112,-15.8385,40,2.5411681,7.1
166.018,-10.928,21,2.5411681,7.1
164.882,-11.183,10,2.5411681,7.1
129.825,-6.533,155,2.5411681,7.1
-72.217,-35.2,40.7,2.5411681,7.1
167.133,-17.827,23,2.5411681,7.1
146.809,-7.551,135,2.5411681,7.1
43.508,38.721,18,2.5411681,7.1
168.218,-18.311,28,2.5411681,7.1
141.588,38.276,42,2.5411681,7.1
-77.306,-1.266,206.7,2.5411681,7.1
157.354,-8.783,10,2.5411681,7.1
137.944,33.167,292,2.5411681,7.1
158.453,-55.664,16,2.5411681,7.1
169.357,-20.617,34,2.5411681,7.1
120.547,21.799,10,2.5411681,7.1
129.933,-6.527,201.7,2.5411681,7.1
123.337,5.293,525,2.5411681,7.1
135.404,-3.609,10,2.5411681,7.1
164.721,-46.676,10,2.5411681,7.1
-178.76,-17.656,565.5,2.5411681,7.1
169.683,-22.253,22,2.5411681,7.1
-71.722,-7.606,558.1,2.5411681,7.1
177.978,51.272,33,2.5411681,7.1
144.619,13.088,85.7,2.5411681,7.1
122.179,24.279,32.8,2.5411681,7.1
124.688,-42.813,10,2.5411681,7.1
-179.575,-36.813,33,2.5411681,7.1
126.249,1.271,35,2.5411681,7.1
167.17,-14.928,103,2.5411681,7.1
173.818,-19.528,33,2.5411681,7.1
-116.265,34.6033333,13.73,2.5411681,7.1
152.486,-4.751,73.7,2.5411681,7.1
150.88,-5.159,138,2.5411681,7.1
130.35,43.607,565.7,2.5411681,7.1
121.937,5.397,33,2.5411681,7.1
139.329,28.932,440.5,2.5411681,7.1
-70.207,-23.913,42,2.5411681,7.1
-71.22,-30.933,58,2.5411681,7.1
179.791,-32.115,332.7,2.5411681,7.1
68.208,29.976,33,2.5411681,7.1
-65.719,-21.999,276.2,2.5411681,7.1
125.154,12.614,33,2.5411681,7.1
-98.07,15.978,21.1,2.5411681,7.1
129.151,-6.903,141.9,2.5411681,7.1
130.175,27.929,28.4,2.5411681,7.1
145.218,18.856,594.9,2.5411681,7.1
142.827,52.629,11,2.5411681,7.1
125.297,12.626,16,2.5411681,7.1
178.752,-37.759,21.1,2.5411681,7.1
121.067,13.525,31.5,2.5411681,7.1
164.181,-10.972,20.4,2.5411681,7.1
126.645,7.239,32.8,2.5411681,7.1
-77.094,-5.982,19.8,2.5411681,7.1
169.871,53.452,24.8,2.5411681,7.1
169.132,-19.435,140.4,2.5411681,7.1
121.899,11.76,18.1,2.5411681,7.1
120.363,-7.363,588.9,2.5411681,7.1
31.848,5.358,16,2.5411681,7.1
168.063,-18.318,20.7,2.5411681,7.1
146.383,-6.436,104.4,2.5411681,7.1
-156.835,55.543,11.4,2.5411681,7.1
-71.381,-8.281,593.4,2.5411681,7.1
126.76,2.305,44,2.5411681,7.1
-172.415,-18.771,35.2,2.5411681,7.1
-72.305,-17.192,33.1,2.5411681,7.1
130.791,-5.577,67.3,2.5411681,7.1
-178.925,-22.037,547,2.5411681,7.1
178.86,-20.19,538.3,2.5411681,7.1
170.102,-21.277,150,2.5411681,7.1
166.516,-13.966,43,2.5411681,7.1
134.911,-1.639,10,2.5411681,7.1
98.027,0.197,33,2.5411681,7.1
170.95,-22.022,104.7,2.5411681,7.1
-38.794,8.185,10,2.5411681,7.1
151.577,-4.843,174.4,2.5411681,7.1
161.287,55.867,62.6,2.5411681,7.1
-83.123,8.717,37,2.5411681,7.1
141.702,36.194,36.6,2.5411681,7.1
136.967,27.929,536,2.5411681,7.1
124.358,13.752,45.7,2.5411681,7.1
-177.741,-29.934,33,2.5411681,7.1
57.794,30.013,33,2.5411681,7.1
59.726,33.962,10,2.5411681,7.1
161.284,-10.615,22,2.5411681,7.1
122.096,19.066,15,2.5411681,7.1
-141.593,60.642,15,2.5411681,7.1
162.136,-11.132,33,2.5411681,7.1
78.606,42.839,33,2.5411681,7.1
-20.508,-59.426,33,2.5411681,7.1
139.918,-4.517,33,2.5411681,7.1
140.091,-4.603,33,2.5411681,7.1
-73.431,-38.453,36,2.5411681,7.1
155.575,-7.383,40,2.5411681,7.1
146.442,43.318,50,2.5411681,7.1
-175.066,-17.76,222.1,2.5411681,7.1
121.974,23.107,25,2.5411681,7.1
166.557,-11.857,113.1,2.5411681,7.1
143.416,41.415,54.8,2.5411681,7.1
-2.668,-55.918,15,2.5411681,7.1
140.23,27.236,390,2.5411681,7.1
-174.915,52.487,164.1,2.5411681,7.1
102.543,24.185,11.3,2.5411681,7.1
147.647,43.313,27.5,2.5411681,7.1
167.345,-14.849,112.9,2.5411681,7.1
-177.914,-30.62,50,2.5411681,7.1
59.083,34.158,10,2.5411681,7.1
121.368,22.733,25,2.5411681,7.1
-85.872,11.925,160.4,2.5411681,7.1
166.491,-12.326,35,2.5411681,7.1
161.006,-10.318,45,2.5411681,7.1
93.101,8.855,70,2.5411681,7.1
146.159,43.222,71.3,2.5411681,7.1
128.043,-1.05,30,2.5411681,7.1
128.07,-0.975,30,2.5411681,7.1
128.218,-7.351,30.2,2.5411681,7.1
143.734,42.506,60,2.5411681,7.1
-72.885,-37.845,30,2.5411681,7.1
-27.345,-56.332,100.9,2.5411681,7.1
145.101,43.056,43.9,2.5411681,7.1
-73.017,-37.775,25,2.5411681,7.1
-74.867,-15.008,65,2.5411681,7.1
-68.862,-20.407,109.2,2.5411681,7.1
-156.343,65.915,15,2.5411681,7.1
136.592,-1.723,59.1,2.5411681,7.1
31.09,40.73,25,2.5411681,7.1
28.829,36.493,35,2.5411681,7.1
-173.381,-15.02,20,2.5411681,7.1
-165.771,53.778,46.6,2.5411681,7.1
-176.733,51.196,25,2.5411681,7.1
-177.243,51.481,20,2.5411681,7.1
-169.191,52.691,35,2.5411681,7.1
-86.556,11.682,35,2.5411681,7.1
101.759,29.957,10,2.5411681,7.1
-117.981,39.346,10,2.5411681,7.1
58,12.185,15,2.5411681,7.1
166.464,-13.082,35,2.5411681,7.1
139.405,28.359,496.7,2.5411681,7.1
136.593,61.214,10,2.5411681,7.1
-98.482,16.739,35,2.5411681,7.1
-62.838,-27.507,610,2.5411681,7.1
169.723,-20.253,50,2.5411681,7.1
-97.9787,16.3855,22,2.6873856,7.2
173.1167,-22.4765,16.37,2.6873856,7.2
-26.9353,-56.2409,78,2.6873856,7.2
158.5463,53.9776,177,2.6873856,7.2
72.7797,38.2107,22,2.6873856,7.2
-100.9723,17.397,24,2.6873856,7.2
150.788,46.221,110,2.6873856,7.2
93.21,2.433,19,2.6873856,7.2
168.143,-18.365,32,2.6873856,7.2
63.951,28.777,68,2.6873856,7.2
-73.326,-38.355,24,2.6873856,7.2
166.643,-13.698,31,2.6873856,7.2
96.018,3.748,38,2.6873856,7.2
-115.2953333,32.2861667,9.987,2.6873856,7.2
126.387,3.886,20,2.6873856,7.2
81.467,35.49,10,2.6873856,7.2
99.972,-2.486,25,2.6873856,7.2
-179.509,51.36,34,2.6873856,7.2
145.388,18.9,207,2.6873856,7.2
165.762,-11.61,35,2.6873856,7.2
167.68,-15.595,120,2.6873856,7.2
-178.178,-19.926,582.9,2.6873856,7.2
142.039,38.276,36,2.6873856,7.2
92.19,7.92,16,2.6873856,7.2
-125.953,41.292,16,2.6873856,7.2
92.958,6.91,39.2,2.6873856,7.2
-77.508,4.695,15,2.6873856,7.2
136.618,33.07,14,2.6873856,7.2
167.144,-45.104,28,2.6873856,7.2
167.856,-17.6,21,2.6873856,7.2
-178.633,-29.666,178.1,2.6873856,7.2
-66.452,-23.548,225,2.6873856,7.2
-174.248,-16.925,183.4,2.6873856,7.2
31.161,40.758,10,2.6873856,7.2
-80.393,-0.593,33,2.6873856,7.2
-179.092,-17.552,537.2,2.6873856,7.2
147.867,-5.495,179.3,2.6873856,7.2
-76.681,-4.368,112,2.6873856,7.2
-102.756,18.219,33,2.6873856,7.2
154.999,-6.518,44,2.6873856,7.2
-177.036,-24.061,110.9,2.6873856,7.2
149.892,45.324,42.6,2.6873856,7.2
34.799,28.826,10,2.6873856,7.2
-93.469,16.84,159.3,2.6873856,7.2
154.347,-5.771,33,2.6873856,7.2
-177.589,-29.211,35.3,2.6873856,7.2
125.58,12.059,20.7,2.6873856,7.2
167.518,-16.62,33,2.6873856,7.2
-92.645,14.717,34.1,2.6873856,7.2
-76.862,7.075,10,2.6873856,7.2
-178.413,-22.483,377.2,2.6873856,7.2
147.572,-6.075,58,2.6873856,7.2
-124.2286667,40.3353333,9.856,2.6873856,7.2
-25.266,-56.032,10,2.6873856,7.2
-77.442,4.554,21.3,2.6873856,7.2
158.442,-9.094,23.4,2.6873856,7.2
167.464,-15.355,125.7,2.6873856,7.2
32.145,5.121,14.9,2.6873856,7.2
141.847,49.037,605.7,2.6873856,7.2
-70.433,-24.753,36.9,2.6873856,7.2
-69.991,-19.022,69.7,2.6873856,7.2
-77.821,0.151,10,2.6873856,7.2
-176.616,-21.702,188.1,2.6873856,7.2
26.316,45.547,132.3,2.6873856,7.2
143.943,-4.448,102.3,2.6873856,7.2
151.045,-5.599,26.7,2.6873856,7.2
-71.618,-34.131,37.8,2.6873856,7.2
-173.643,-15.86,128.4,2.6873856,7.2
148.192,44.117,44.4,2.6873856,7.2
136.894,33.683,368.1,2.6873856,7.2
-25.451,-60.665,24,2.6873856,7.2
-175.864,-24.133,33,2.6873856,7.2
25.227,39.243,10,2.6873856,7.2
-73.074,-33.134,33,2.6873856,7.2
-124.253,41.117,19,2.6873856,7.2
169.853,-21.89,33,2.6873856,7.2
-177.358,-30.683,33,2.6873856,7.2
-175.406,-25.856,33,2.6873856,7.2
155.538,-8.031,33,2.6873856,7.2
125.993,12.54,50,2.6873856,7.2
-77.786,-12.5,6,2.6873856,7.2
154.034,-8.42,48,2.6873856,7.2
-175.954,-29.082,33,2.6873856,7.2
166.863,-14.434,34,2.6873856,7.2
166.896,-15.117,47,2.6873856,7.2
156.584,50.486,27,2.6873856,7.2
154.191,-5.154,409.9,2.6873856,7.2
179.665,-25.758,495.8,2.6873856,7.2
140.929,33.453,59.8,2.6873856,7.2
-80.542,-4.026,25,2.6873856,7.2
-64.499,-54.476,10,2.6873856,7.2
126.682,6.785,40,2.6873856,7.2
-59.694,15.648,20,2.6873856,7.2
126.581,-6.784,430.5,2.6873856,7.2
178.82,-22.797,660,2.6873856,7.2
119.802,0.157,20,2.6873856,7.2
172.02,-41.659,20,2.6873856,7.2
24.957,39.368,15,2.6873856,7.2
153.742,-5.208,35,2.6873856,7.2
-179.186,-21.182,636.8,2.6873856,7.2
167.607,-16.198,35,2.6873856,7.2
166.98,-15.449,25,2.6873856,7.2
148.699,44.578,58,2.6873856,7.2
165.36,-10.466,45,2.6873856,7.2
154.783,46.636,15,2.6873856,7.2
122.094,24.411,30,2.6873856,7.2
-63.21,-25.802,588.7,2.6873856,7.2
-82.729,7.512,25,2.6873856,7.2
-70.925,-10.688,597.5,2.6873856,7.2
141.758,36.121,30,2.6873856,7.2
-176.248,-24.678,30,2.6873856,7.2
-110.891,44.63,10,2.6873856,7.2
121.105,22.078,25,2.6873856,7.2
124.327,24.945,35,2.6873856,7.2
127.005,5.327,35,2.6873856,7.2
-178.87,51.419,25,2.6873856,7.2
142.412,24.319,558.9,2.6873856,7.2
160.884,54.252,59.2,2.6873856,7.2
-113.024,29.112,10,2.6873856,7.2
143.467,24.057,15,2.6873856,7.2
169.635,-19.092,236.2,2.6873856,7.2
121.343,23.917,25,2.6873856,7.2
-91.917,14.31,65.3,2.6873856,7.2
138.151,-2.077,30,2.6873856,7.2
164.6993,55.0999,16.56,2.8398241,7.3
-62.9019,10.7731,146.82,2.8398241,7.3
45.9592,34.9109,19,2.8398241,7.3
122.6171,4.4782,627.17,2.8398241,7.3
86.0655,27.8087,15,2.8398241,7.3
-88.1225,12.5262,40,2.8398241,7.3
-25.07,-60.857,11,2.8398241,7.3
153.927,-3.917,385.5,2.8398241,7.3
143.949,37.89,31,2.8398241,7.3
-76.362,1.929,170,2.8398241,7.3
-88.59,12.139,28,2.8398241,7.3
-179.528,-21.611,644.6,2.8398241,7.3
-171.836,52.05,52,2.8398241,7.3
142.842,38.435,32,2.8398241,7.3
167.947,-19.702,16,2.8398241,7.3
168.069,-17.541,25,2.8398241,7.3
123.409,6.718,607.1,2.8398241,7.3
150.59,-5.931,35,2.8398241,7.3
178.331,-17.239,595,2.8398241,7.3
-86.217,16.731,19,2.8398241,7.3
154.322,54.203,492.3,2.8398241,7.3
168.892,-20.071,33,2.8398241,7.3
103.981,-2.427,582.1,2.8398241,7.3
135.023,-4.003,10,2.8398241,7.3
169.766,-22.015,10,2.8398241,7.3
87.813,50.038,16,2.8398241,7.3
160.77,-10.491,33,2.8398241,7.3
146.209,47.824,459.1,2.8398241,7.3
130.666,43.752,566,2.8398241,7.3
119.74,15.766,33,2.8398241,7.3
166.697,-12.853,90.1,2.8398241,7.3
59.809,33.825,10,2.8398241,7.3
-176.847,51.478,26.3,2.8398241,7.3
147.916,43.905,33,2.8398241,7.3
132.865,42.34,471.4,2.8398241,7.3
130.393,-6.582,77.7,2.8398241,7.3
73.575,42.142,27.4,2.8398241,7.3
-116.437,34.2,-0.097,2.8398241,7.3
126.762,7.191,33,2.8398241,7.3
-63.349,-26.802,558,2.8398241,7.3
-84.808,9.919,22.2,2.8398241,7.3
95.127,25.149,90.5,2.8398241,7.3
124.616,13.477,24.9,2.8398241,7.3
-172.225,-17.94,16,2.8398241,7.3
152.828,-4.439,33,2.8398241,7.3
123.762,8.147,649.1,2.8398241,7.3
72.11,-6.852,10,2.8398241,7.3
128.168,-7.481,178.5,2.8398241,7.3
-89.387,13.332,73,2.8398241,7.3
-102.084,18.048,33,2.8398241,7.3
1.354,36.195,10,2.8398241,7.3
44.029,39.121,36,2.8398241,7.3
73.83,39.457,9,2.8398241,7.3
-77.688,7.747,12,2.8398241,7.3
122.269,22.632,25,2.8398241,7.3
159.199,52.803,125,2.8398241,7.3
141.199,46.505,18.1,2.8398241,7.3
151.613,52.301,647.6,2.8398241,7.3
158.902,-59.232,15,2.8398241,7.3
-92.653,14.52,35,2.8398241,7.3
140.635,26.358,500,2.8398241,7.3
159.914,-10.188,543.1,2.8398241,7.3
-97.739,16.519,25,2.8398241,7.3
-178.217,-30.725,45,2.8398241,7.3
153.368,-5.42,30,2.8398241,7.3
-69.939,-21.865,45,2.8398241,7.3
157.922,-56.046,10,2.8398241,7.3
179.605,51.443,30,2.8398241,7.3
-100.605,18.136,93.3,2.8398241,7.3
-177.675,-29.992,10,2.8398241,7.3
142.789,38.022,28,2.8398241,7.3
-43.255,10.767,10,2.8398241,7.3
-26.801,-59.274,129.2,2.8398241,7.3
168.29,-18.307,25,2.8398241,7.3
-70.297,-24.732,35,2.8398241,7.3
-177.209,-28.84,35,2.8398241,7.3
28.699,36.405,35,2.8398241,7.3
67.607,35.155,25,2.8398241,7.3
138.102,30.206,484.1,2.8398241,7.3
152.855,-5.062,20,2.8398241,7.3
-80.636,-3.552,25,2.8398241,7.3
-61.216,13.809,128.8,2.8398241,7.3
27.648,40.175,10,2.8398241,7.3
127.099,9.669,15,2.8398241,7.3
121.249,23.046,25,2.8398241,7.3
128.233,-4.199,20,2.8398241,7.3
-31.8766,-55.2852,10,2.9986576,7.4
162.0511,-11.4633,39,2.9986576,7.4
-177.232,-23.009,173.7,2.9986576,7.4
-91.895,13.988,24,2.9986576,7.4
-98.231,16.493,20,2.9986576,7.4
-176.238,-28.993,33,2.9986576,7.4
143.698,26.901,14,2.9986576,7.4
-75.048,-37.773,35,2.9986576,7.4
166.497,-13.093,31.1,2.9986576,7.4
155.154,46.857,36,2.9986576,7.4
133.305,-0.691,23,2.9986576,7.4
122.091,1.271,30,2.9986576,7.4
95.964,2.768,26,2.9986576,7.4
-61.274,14.944,156,2.9986576,7.4
164.115,-49.271,10,2.9986576,7.4
-179.307,-31.81,152,2.9986576,7.4
-21.606,-60.957,13,2.9986576,7.4
137.071,33.184,10,2.9986576,7.4
143.593,41.774,33,2.9986576,7.4
96.085,2.824,30,2.9986576,7.4
70.482,36.502,225.6,2.9986576,7.4
102.562,-4.68,36,2.9986576,7.4
139.556,28.856,394.8,2.9986576,7.4
149.568,-5.591,150,2.9986576,7.4
-178.31,-20.69,550.2,2.9986576,7.4
-98.597,16.779,23,2.9986576,7.4
-173.529,-15.199,21.2,2.9986576,7.4
168.948,-19.247,129,2.9986576,7.4
49.409,36.957,18.5,2.9986576,7.4
142.76,39.837,28.6,2.9986576,7.4
149.06,-6.266,47.8,2.9986576,7.4
158.513,-58.893,33,2.9986576,7.4
147.689,-6.088,54.9,2.9986576,7.4
121.574,23.901,33.8,2.9986576,7.4
70.896,36.19,98.7,2.9986576,7.4
-71.663,-33.207,33,2.9986576,7.4
122.517,-0.086,242.3,2.9986576,7.4
138.935,29.384,457.4,2.9986576,7.4
70.738,36.372,214.5,2.9986576,7.4
-70.563,-26.535,14.8,2.9986576,7.4
139.102,40.462,23.7,2.9986576,7.4
165.707,-46.675,33,2.9986576,7.4
57.434,33.386,33,2.9986576,7.4
121.512,22.282,17,2.9986576,7.4
-67.767,-31.028,13,2.9986576,7.4
118.401,39.664,26,2.9986576,7.4
100.581,31.398,33,2.9986576,7.4
140.827,33.362,55,2.9986576,7.4
166.339,-11.481,101.8,2.9986576,7.4
-77.322,-2.839,120,2.9986576,7.4
-131.055,51.692,18.3,2.9986576,7.4
121.63,15.791,25,2.9986576,7.4
163.554,57.65,35,2.9986576,7.4
146.741,43.566,36.9,2.9986576,7.4
30.8,40.751,30,2.9986576,7.4
-95.867,16.081,25,2.9986576,7.4
166.96,-15.871,25,2.9986576,7.4
-71.233,-32.522,70,2.9986576,7.4
70.724,36.405,207.8,2.9986576,7.4
122.139,0.542,130,2.9986576,7.4
165.642,-10.522,35,2.9986576,7.4
-75.031,-38.467,20,2.9986576,7.4
-178.349,-20.541,586.6,2.9986576,7.4
116.409,56.177,25,2.9986576,7.4
123.157,7.658,35,2.9986576,7.4
152.868,-4.449,35,2.9986576,7.4
91.601,30.648,25,2.9986576,7.4
-77.0231,-2.199,132.36,3.1640625,7.5
169.4266,-21.9496,10,3.1640625,7.5
119.8462,-0.2559,20,3.1640625,7.5
142.7536,-6.0699,25.21,3.1640625,7.5
-83.52,17.4825,19,3.1640625,7.5
70.3676,36.5244,231,3.1640625,7.5
151.8751,-5.4624,55,3.1640625,7.5
152.5623,-4.7294,41,3.1640625,7.5
155.0241,-6.7547,43.37,3.1640625,7.5
-134.652,55.393,10,3.1640625,7.5
123.259,6.776,640.6,3.1640625,7.5
91.936,7.881,35,3.1640625,7.5
92.902,14.099,24,3.1640625,7.5
142.668,22.013,260,3.1640625,7.5
107.419,-5.859,280,3.1640625,7.5
126.282,1.065,22,3.1640625,7.5
-76.398,-5.678,115,3.1640625,7.5
124.868,-8.152,10,3.1640625,7.5
124.249,6.033,31,3.1640625,7.5
123.907,-4.102,33,3.1640625,7.5
126.579,6.898,33,3.1640625,7.5
168.214,-16.423,33,3.1640625,7.5
-96.931,16.059,60.6,3.1640625,7.5
125.308,22.306,33,3.1640625,7.5
170.911,-22.301,100.6,3.1640625,7.5
87.325,35.069,33,3.1640625,7.5
-79.587,-9.593,10,3.1640625,7.5
157.829,51.218,70.6,3.1640625,7.5
122.787,1.196,31.4,3.1640625,7.5
150.967,-5.097,178.6,3.1640625,7.5
126.519,1.795,33,3.1640625,7.5
125.124,5.167,202.2,3.1640625,7.5
166.381,-12.41,33,3.1640625,7.5
148.439,44.932,33,3.1640625,7.5
160.731,-9.965,33,3.1640625,7.5
160.822,-9.844,33,3.1640625,7.5
160.348,-9.89,19,3.1640625,7.5
26.761,45.772,94,3.1640625,7.5
117.978,39.57,23,3.1640625,7.5
-89.101,15.324,5,3.1640625,7.5
-62,17.3,47,3.1640625,7.5
166.601,-14.464,26,3.1640625,7.5
-102.996,18.481,43,3.1640625,7.5
152.932,-6.05,20,3.1640625,7.5
120.275,13.402,25,3.1640625,7.5
139.353,-2.85,45,3.1640625,7.5
132.269,32.449,34.2,3.1640625,7.5
122.583,24.122,30,3.1640625,7.5
146.308,-7.523,186.6,3.1640625,7.5
-177.459,-20.088,390,3.1640625,7.5
131.475,31.739,35,3.1640625,7.5
-69.388,-13.428,612.4,3.1640625,7.5
140.259,35.677,66.1,3.1640625,7.5
-175.599,-28.336,15,3.1640625,7.5
-72.866,-37.093,66,3.1640625,7.5
-118.998,34.9581667,6,3.1640625,7.5
57.47,-34.229,15,3.1640625,7.5
121.4,23.487,25,3.1640625,7.5
-85.046,10.481,97.9,3.1640625,7.5
-73.9413,-43.4064,38,3.3362176,7.6
-71.0184,-10.0598,620.56,3.3362176,7.6
-70.9437,-10.5372,606.21,3.3362176,7.6
162.1481,-11.2701,22.56,3.3362176,7.6
-85.315,10.085,35,3.3362176,7.6
126.638,10.811,28,3.3362176,7.6
-176.34,-29.539,17,3.3362176,7.6
123.48,6.497,578,3.3362176,7.6
99.867,-0.72,81,3.3362176,7.6
-174.66,-23.043,31,3.3362176,7.6
167.089,60.949,22,3.3362176,7.6
128.131,-5.473,397,3.3362176,7.6
73.588,34.539,26,3.3362176,7.6
153.474,-4.539,90,3.3362176,7.6
-43.411,-60.532,10,3.3362176,7.6
68.382,-2.598,10,3.3362176,7.6
-104.104,18.77,24,3.3362176,7.6
134.297,-1.757,10,3.3362176,7.6
142.945,-3.302,13,3.3362176,7.6
-72.077,-17.543,33,3.3362176,7.6
123.573,-1.105,26,3.3362176,7.6
143.73,22.338,126.5,3.3362176,7.6
29.864,40.748,17,3.3362176,7.6
-178.413,-18.039,562.5,3.3362176,7.6
143.691,43.3,102.2,3.3362176,7.6
151.021,45.533,24.7,3.3362176,7.6
-83.073,9.685,10,3.3362176,7.6
147.596,15.125,11.4,3.3362176,7.6
175.163,-22.122,33.2,3.3362176,7.6
126.729,8.337,24.4,3.3362176,7.6
160.819,-10.366,34,3.3362176,7.6
-70.161,-24.388,62.3,3.3362176,7.6
-101.647,17.802,30.8,3.3362176,7.6
160.469,-10.012,18.1,3.3362176,7.6
153.581,-4.883,88.8,3.3362176,7.6
164.357,-48.786,33,3.3362176,7.6
-101.276,17.813,49,3.3362176,7.6
148.862,44.244,33,3.3362176,7.6
-172.095,-16.696,33,3.3362176,7.6
173.497,53.113,10,3.3362176,7.6
-77.795,-12.265,13,3.3362176,7.6
-135.853,56.724,25,3.3362176,7.6
163.269,55.959,27.5,3.3362176,7.6
94.489,2.005,25,3.3362176,7.6
127.306,4.569,60,3.3362176,7.6
126.234,1.514,23,3.3362176,7.6
122.067,16.316,25,3.3362176,7.6
167.092,-15.861,30,3.3362176,7.6
177.959,50.282,20,3.3362176,7.6
164.285,-48.969,20,3.3362176,7.6
167.666,-15.534,130,3.3362176,7.6
139.29,38.399,15,3.3362176,7.6
-176.844,-24.749,55,3.3362176,7.6
-71.483,-9.127,590.7,3.3362176,7.6
-70.775,-10.75,612.2,3.3362176,7.6
-80.918,-6.775,15,3.3362176,7.6
-79.489,1.011,27.5,3.3362176,7.6
161.134,55.75,147.8,3.3362176,7.6
-99.092,17.055,37.8,3.3362176,7.6
-178.803,-15.434,419.1,3.3362176,7.6
168.857,54.4434,10,3.5153041,7.7
145.5073,18.5429,196,3.5153041,7.7
-70.4931,-20.5709,22.4,3.5153041,7.7
-46.4011,-60.2738,10,3.5153041,7.7
65.5009,26.951,15,3.5153041,7.7
61.996,28.033,80,3.5153041,7.7
145.064,49.8,583.2,3.5153041,7.7
144.59,38.058,18.6,3.5153041,7.7
166.51,-13.006,45,3.5153041,7.7
132.885,-0.414,17,3.5153041,7.7
152.886,53.882,632.8,3.5153041,7.7
-69.89,-22.247,40,3.5153041,7.7
107.419,-9.284,20,3.5153041,7.7
178.495,-23.884,675.4,3.5153041,7.7
-179.513,-21.696,580,3.5153041,7.7
70.232,23.419,16,3.5153041,7.7
-88.66,13.049,60,3.5153041,7.7
120.982,23.772,33,3.5153041,7.7
124.891,-2.071,33,3.5153041,7.7
166.676,-12.584,33,3.5153041,7.7
-75.675,-14.993,33,3.5153041,7.7
154.178,-5.799,30.1,3.5153041,7.7
169.9,-23.008,20.2,3.5153041,7.7
139.197,42.851,16.7,3.5153041,7.7
-87.34,11.742,44.8,3.5153041,7.7
121.172,15.679,25.1,3.5153041,7.7
99.611,22.789,17.8,3.5153041,7.7
-176.367,-28.117,29.1,3.5153041,7.7
-173.085,-14.96,25,3.5153041,7.7
-79.358,1.598,24,3.5153041,7.7
-96.591,16.01,18,3.5153041,7.7
142.028,38.19,44,3.5153041,7.7
-155.0015,19.333,8.95,3.5153041,7.7
155.152,-7.104,44,3.5153041,7.7
-73.232,-38.183,6,3.5153041,7.7
145.785,43.233,48,3.5153041,7.7
124.221,3.752,330.8,3.5153041,7.7
139.722,-3.184,30,3.5153041,7.7
-70.55,-25.494,25,3.5153041,7.7
128.49,2.388,115,3.5153041,7.7
167.34,-14.921,120,3.5153041,7.7
-69.414,-13.866,550,3.5153041,7.7
-66.713,-20.948,232.5,3.5153041,7.7
25.957,36.664,20,3.5153041,7.7
91.261,31.056,30,3.5153041,7.7
129.183,-6.823,199.7,3.5153041,7.7
143.491,45.882,329,3.5153041,7.7
161.3273,-10.6812,40,3.7015056,7.8
173.054,-42.7373,15.11,3.7015056,7.8
-79.9218,0.3819,20.59,3.7015056,7.8
94.3299,-4.9521,24,3.7015056,7.8
140.4931,27.8386,664,3.7015056,7.8
84.7314,28.2305,8.22,3.7015056,7.8
-132.101,52.788,14,3.7015056,7.8
100.082,-3.487,20.1,3.7015056,7.8
97.048,2.383,31,3.7015056,7.8
166.382,-12.517,35,3.7015056,7.8
166.562,-45.762,12,3.7015056,7.8
-177.514,-25.996,152.5,3.7015056,7.8
-69.197,-19.987,115.6,3.7015056,7.8
178.65,51.146,33,3.7015056,7.8
90.541,35.946,10,3.7015056,7.8
151.781,-5.496,33,3.7015056,7.8
153.102,-5.233,30,3.7015056,7.8
162.035,54.841,33,3.7015056,7.8
-176.772,-22.101,167.3,3.7015056,7.8
143.419,40.525,26.5,3.7015056,7.8
112.835,-10.477,18.4,3.7015056,7.8
144.801,12.982,59.3,3.7015056,7.8
121.896,-8.48,27.7,3.7015056,7.8
122.857,1.186,25.7,3.7015056,7.8
-143.032,56.953,10,3.7015056,7.8
-172.467,-16.264,33,3.7015056,7.8
-175.119,-24.894,9,3.7015056,7.8
-71.076,-32.601,60.3,3.7015056,7.8
-10.613,36.033,10,3.7015056,7.8
166.552,-12.091,55,3.7015056,7.8
-167.739,52.99,45,3.7015056,7.8
-27.655,-56.323,125,3.7015056,7.8
150.547,44.726,28.2,3.7015056,7.8
-72.889,-45.785,15,3.7015056,7.8
-73.039,-38.061,25,3.7015056,7.8
-136.712,58.23,10,3.7015056,7.8
166.684,-12.418,123.6,3.7015056,7.8
-3.612,36.988,626.2,3.7015056,7.8
121.214,23.092,30,3.7015056,7.8
-175.874,-19.705,215.9,3.7015056,7.8
179.3502,-18.4743,670.81,3.8950081,7.9
-149.1658,56.0039,14.06,3.8950081,7.9
155.1718,-6.2464,135,3.8950081,7.9
153.5216,-4.5049,94.54,3.8950081,7.9
178.7352,51.8486,109,3.8950081,7.9
141.111,36.281,42.6,3.8950081,7.9
103.322,31.002,19,3.8950081,7.9
100.841,-2.625,35,3.8950081,7.9
-147.4529,63.5141,4.2,3.8950081,7.9
97.453,-13.802,10,3.8950081,7.9
102.087,-4.721,33,3.8950081,7.9
122.589,-7.137,587.3,3.8950081,7.9
-177.632,51.564,33,3.8950081,7.9
119.931,0.729,24,3.8950081,7.9
149.3,44.663,33,3.8950081,7.9
-142.786,58.679,10,3.8950081,7.9
165.916,-12.525,33,3.8950081,7.9
136.04,-1.679,5,3.8950081,7.9
124.023,6.262,33,3.8950081,7.9
155.054,-6.59,49,3.8950081,7.9
-17.649,35.997,33,3.8950081,7.9
-78.737,-9.183,45,3.8950081,7.9
142.864,41.43,25,3.8950081,7.9
159.732,53.257,55,3.8950081,7.9
141.625,34.006,25,3.8950081,7.9
167.654,-18.373,30,3.8950081,7.9
165.114,-10.799,24,4.096,8
-76.603,-13.386,39,4.096,8
-174.123,-20.187,55,4.096,8
152.169,-3.98,33,4.096,8
-104.205,19.055,33,4.096,8
-70.294,-23.34,45.6,4.096,8
-174.776,51.52,33,4.096,8
-102.533,18.19,27.9,4.096,8
-71.871,-33.135,33,4.096,8
-177.657,-28.427,33,4.096,8
126.64,6.405,60,4.096,8
153.85,-5.524,40,4.096,8
-72.532,-1.597,644.8,4.096,8
143.228,39.869,15,4.096,8
-172.095,-15.489,18,4.3046721,8.1
157.043,-8.466,24,4.3046721,8.1
154.524,46.243,10,4.3046721,8.1
161.345,-49.312,10,4.3046721,8.1
149.527,-62.877,10,4.3046721,8.1
153.172,-4.817,40,4.3046721,8.1
-78.228,-10.665,40,4.3046721,8.1
129.684,-6.843,65,4.3046721,8.1
-73.353,-37.824,25,4.3046721,8.1
99.368,45.189,30,4.3046721,8.1
143.899,42.084,45,4.3046721,8.1
-178.153,-18.1125,600,4.5212176,8.2
-93.8993,15.0222,47.39,4.5212176,8.2
-70.7691,-19.6097,25,4.5212176,8.2
92.463,0.802,25.1,4.5212176,8.2
136.952,-0.891,33,4.5212176,8.2
-67.553,-13.841,631.3,4.5212176,8.2
160.568,-52.341,10,4.5212176,8.2
147.859,43.424,30,4.5212176,8.2
143.435,40.86,29.9,4.5212176,8.2
125.952,-2.608,20,4.5212176,8.2
-67.912,-23.977,113.9,4.5212176,8.2
-71.6744,-31.5729,22.44,4.7458321,8.3
153.221,54.892,598.1,4.7458321,8.3
153.266,46.592,10,4.7458321,8.3
143.91,41.815,27,4.7458321,8.3
147.321,43.773,14,4.7458321,8.3
118.378,-11.164,25,4.7458321,8.3
148.485,44.479,35,4.7458321,8.3
101.367,-4.438,34,4.9787136,8.4
-73.641,-16.265,33,4.9787136,8.4
149.483,44.872,35,5.2200625,8.5
93.063,2.327,20,5.4700816,8.6
97.108,2.085,30,5.4700816,8.6
-175.626,51.499,25,5.4700816,8.6
96.445,28.363,15,5.4700816,8.6
178.715,51.251,30.3,5.7289761,8.7
-72.898,-36.122,22.9,5.9969536,8.8
159.779,52.623,21.6,6.561,9
142.373,38.297,29,6.8574961,9.1
95.982,3.295,30,6.8574961,9.1
-147.339,60.908,25,7.1639296,9.2
-73.407,-38.143,25,8.1450625,9.5
